"Name","Pokemon","Role","Move Set","Move 1","Move 2","Tier","Tier Raw Score","Tier Score","Win Rate","Pick Rate","Item 1","Win Rate 1","Pick Rate 1","Item 2","Win Rate 2","Pick Rate 2","Item 3","Win Rate 3","Pick Rate 3"
"Absol","Pokemon/Absol.png","Speedster","Pursuit/Sucker Punch","Moves/Absol - Pursuit.png","Moves/Absol - Sucker Punch.png","D","-0.301","-0.687","46.92","2.91","Battle_Items/Eject Button.png","46.17","35.09","Battle_Items/Full Heal.png","47.31","25.26","Battle_Items/X Speed.png","45.21","14.48"
"Absol","Pokemon/Absol.png","Speedster","Night Slash/Psycho Cut","Moves/Absol - Night Slash.png","Moves/Absol - Psycho Cut.png","D-","-0.478","-0.834","46.25","2.25","Battle_Items/Eject Button.png","46.74","30.56","Battle_Items/X Speed.png","43.98","17.84","Battle_Items/X Attack.png","48.31","17.29"
"Absol","Pokemon/Absol.png","Speedster","Pursuit/Psycho Cut","Moves/Absol - Pursuit.png","Moves/Absol - Psycho Cut.png","D-","-0.596","-0.932","45.8","1.64","Battle_Items/Eject Button.png","48.2","28.3","Battle_Items/Full Heal.png","48.92","22.31","Battle_Items/X Attack.png","48.58","16.96"
"Absol","Pokemon/Absol.png","Speedster","Night Slash/Sucker Punch","Moves/Absol - Night Slash.png","Moves/Absol - Sucker Punch.png","C-","-0.002","-0.439","45.42","0.42","Battle_Items/Eject Button.png","40.17","24.38","Battle_Items/Potion.png","53.92","21.25","Battle_Items/Full Heal.png","43.02","17.92"
"Aegislash","Pokemon/Aegislash.png","All-Rounder","Sacred Sword/Wide Guard","Moves/Aegislash - Sacred Sword.png","Moves/Aegislash - Wide Guard.png","D","-0.408","-0.776","46.45","2.75","Battle_Items/Potion.png","48.43","45.78","Battle_Items/Full Heal.png","48.97","18.62","Battle_Items/Eject Button.png","43.49","17.43"
"Aegislash","Pokemon/Aegislash.png","All-Rounder","Shadow Claw/Wide Guard","Moves/Aegislash - Shadow Claw.png","Moves/Aegislash - Wide Guard.png","D-","-0.516","-0.866","46.18","1.75","Battle_Items/Potion.png","45.11","38.58","Battle_Items/Eject Button.png","47.84","19.77","Battle_Items/Full Heal.png","49.49","14.94"
"Aegislash","Pokemon/Aegislash.png","All-Rounder","Shadow Claw/Iron Head","Moves/Aegislash - Shadow Claw.png","Moves/Aegislash - Iron Head.png","C-","-0.025","-0.459","45.84","0.67","Battle_Items/Potion.png","47.26","45.84","Battle_Items/Full Heal.png","43.33","15.85","Battle_Items/Eject Button.png","47.01","15.46"
"Aegislash","Pokemon/Aegislash.png","All-Rounder","Sacred Sword/Iron Head","Moves/Aegislash - Sacred Sword.png","Moves/Aegislash - Iron Head.png","C-","-0.001","-0.439","44.84","0.27","Battle_Items/Potion.png","50.36","44.84","Battle_Items/Eject Button.png","43.4","17.1","Battle_Items/Full Heal.png","43.48","14.84"
"Alcremie","Pokemon/Alcremie.png","Supporter","Recover/Sweet Scent","Moves/Alcremie - Recover.png","Moves/Alcremie - Sweet Scent.png","B+","0.947","0.347","51.66","7.46","Battle_Items/X Speed.png","52.37","66.42","Battle_Items/Eject Button.png","51.01","25.07","Battle_Items/Potion.png","45.94","4.64"
"Alcremie","Pokemon/Alcremie.png","Supporter","Decorate/Dazzling Gleam","Moves/Alcremie - Decorate.png","Moves/Alcremie - Dazzling Gleam.png","C-","0.007","-0.432","49.23","0.8","Battle_Items/X Speed.png","45.95","57.3","Battle_Items/Eject Button.png","54.95","24.56","Battle_Items/Potion.png","50.0","11.28"
"Alcremie","Pokemon/Alcremie.png","Supporter","Recover/Dazzling Gleam","Moves/Alcremie - Recover.png","Moves/Alcremie - Dazzling Gleam.png","C-","-0.001","-0.439","45.59","0.29","Battle_Items/X Speed.png","44.17","62.61","Battle_Items/Eject Button.png","50.0","25.53","Battle_Items/Potion.png","33.33","5.47"
"Alcremie","Pokemon/Alcremie.png","Supporter","Decorate/Sweet Scent","Moves/Alcremie - Decorate.png","Moves/Alcremie - Sweet Scent.png","C-","-0.001","-0.439","48.95","0.13","Battle_Items/X Speed.png","42.86","48.95","Battle_Items/Eject Button.png","45.16","21.68","Battle_Items/Potion.png","71.43","14.69"
"Alolan Ninetales","Pokemon/Alolan Ninetales.png","Attacker","Dazzling Gleam/Blizzard","Moves/Alolan Ninetales - Dazzling Gleam.png","Moves/Alolan Ninetales - Blizzard.png","C-","-0.001","-0.439","51.03","0.13","Battle_Items/Eject Button.png","50.0","37.24","Battle_Items/X Speed.png","48.89","31.03","Battle_Items/Potion.png","60.0","20.69"
"Alolan Ninetales","Pokemon/Alolan Ninetales.png","Attacker","Avalanche/Aurora Veil","Moves/Alolan Ninetales - Avalanche.png","Moves/Alolan Ninetales - Aurora Veil.png","C-","-0.001","-0.439","47.46","0.05","","","","","","","","",""
"Alolan Ninetales","Pokemon/Alolan Ninetales.png","Attacker","Avalanche/Blizzard","Moves/Alolan Ninetales - Avalanche.png","Moves/Alolan Ninetales - Blizzard.png","D+","-0.095","-0.517","47.39","4.79","Battle_Items/Eject Button.png","49.96","51.23","Battle_Items/X Speed.png","45.11","30.02","Battle_Items/Potion.png","44.53","11.74"
"Alolan Ninetales","Pokemon/Alolan Ninetales.png","Attacker","Dazzling Gleam/Aurora Veil","Moves/Alolan Ninetales - Dazzling Gleam.png","Moves/Alolan Ninetales - Aurora Veil.png","C-","-0.002","-0.439","48.84","0.65","Battle_Items/Eject Button.png","47.57","42.04","Battle_Items/X Attack.png","47.12","28.3","Battle_Items/X Speed.png","51.67","16.33"
"Alolan Raichu","Pokemon/Alolan Raichu.png","Attacker","Electro Ball/Psychic","Moves/Alolan Raichu - Electro Ball.png","Moves/Alolan Raichu - Psychic.png","C-","-0.001","-0.439","46.79","0.19","Battle_Items/Eject Button.png","49.56","51.83","Battle_Items/X Speed.png","47.62","28.9","Battle_Items/Potion.png","50.0","9.17"
"Alolan Raichu","Pokemon/Alolan Raichu.png","Attacker","Stored Power/Psychic","Moves/Alolan Raichu - Stored Power.png","Moves/Alolan Raichu - Psychic.png","C","0.156","-0.308","49.46","1.69","Battle_Items/Eject Button.png","50.33","47.22","Battle_Items/X Speed.png","51.24","29.27","Battle_Items/X Attack.png","44.95","15.93"
"Alolan Raichu","Pokemon/Alolan Raichu.png","Attacker","Stored Power/Thunderbolt","Moves/Alolan Raichu - Stored Power.png","Moves/Alolan Raichu - Thunderbolt.png","D","-0.444","-0.806","46.54","1.51","Battle_Items/Eject Button.png","47.58","45.55","Battle_Items/X Speed.png","42.92","24.64","Battle_Items/X Attack.png","48.33","19.12"
"Alolan Raichu","Pokemon/Alolan Raichu.png","Attacker","Electro Ball/Thunderbolt","Moves/Alolan Raichu - Electro Ball.png","Moves/Alolan Raichu - Thunderbolt.png","C-","0.104","-0.352","49.28","1.47","Battle_Items/Eject Button.png","49.59","79.65","Battle_Items/X Speed.png","45.99","11.16","Battle_Items/X Attack.png","53.01","4.95"
"Armarouge","Pokemon/Armarouge.png","Attacker","Fire Spin/Psyshock","Moves/Armarouge - Fire Spin.png","Moves/Armarouge - Psyshock.png","C-","-0.002","-0.439","48.89","0.72","Battle_Items/X Speed.png","47.63","38.94","Battle_Items/Full Heal.png","56.29","20.52","Battle_Items/Potion.png","46.75","18.92"
"Armarouge","Pokemon/Armarouge.png","Attacker","Armor Cannon/Psyshock","Moves/Armarouge - Armor Cannon.png","Moves/Armarouge - Psyshock.png","C-","0.008","-0.431","53.09","0.57","Battle_Items/Eject Button.png","53.8","54.78","Battle_Items/X Speed.png","51.23","31.33","Battle_Items/Potion.png","47.06","7.87"
"Armarouge","Pokemon/Armarouge.png","Attacker","Fire Spin/Flame Charge","Moves/Armarouge - Fire Spin.png","Moves/Armarouge - Flame Charge.png","C-","-0.0","-0.438","49.66","0.52","Battle_Items/X Speed.png","52.1","40.07","Battle_Items/Eject Button.png","52.07","20.37","Battle_Items/Potion.png","45.83","20.2"
"Armarouge","Pokemon/Armarouge.png","Attacker","Armor Cannon/Flame Charge","Moves/Armarouge - Armor Cannon.png","Moves/Armarouge - Flame Charge.png","C-","-0.001","-0.439","45.59","0.06","Battle_Items/X Speed.png","41.46","60.29","Battle_Items/Eject Button.png","61.11","26.47","Battle_Items/Potion.png","25.0","5.88"
"Azumarill","Pokemon/Azumarill.png","All-Rounder","Play Rough/Whirlpool","Moves/Azumarill - Play Rough.png","Moves/Azumarill - Whirlpool.png","D-","-0.649","-0.976","45.17","3.2","Battle_Items/X Speed.png","45.92","45.36","Battle_Items/Potion.png","42.91","23.22","Battle_Items/X Attack.png","45.05","17.73"
"Azumarill","Pokemon/Azumarill.png","All-Rounder","Water Pulse/Aqua Tail","Moves/Azumarill - Water Pulse.png","Moves/Azumarill - Aqua Tail.png","B-","0.621","0.077","51.64","1.9","Battle_Items/X Speed.png","51.2","71.15","Battle_Items/X Attack.png","52.84","8.14","Battle_Items/Eject Button.png","49.4","7.67"
"Azumarill","Pokemon/Azumarill.png","All-Rounder","Play Rough/Aqua Tail","Moves/Azumarill - Play Rough.png","Moves/Azumarill - Aqua Tail.png","C-","-0.001","-0.439","38.35","0.23","Battle_Items/X Speed.png","42.54","50.38","Battle_Items/Potion.png","36.54","19.55","Battle_Items/Eject Button.png","21.88","12.03"
"Azumarill","Pokemon/Azumarill.png","All-Rounder","Water Pulse/Whirlpool","Moves/Azumarill - Water Pulse.png","Moves/Azumarill - Whirlpool.png","C-","-0.001","-0.439","56.31","0.09","Battle_Items/X Attack.png","56.25","31.07","Battle_Items/X Speed.png","50.0","29.13","Battle_Items/Potion.png","62.07","28.16"
"Blastoise","Pokemon/Blastoise.png","Defender","Water Spout/Rapid Spin","Moves/Blastoise - Water Spout.png","Moves/Blastoise - Rapid Spin.png","C-","0.005","-0.434","48.28","0.01","","","","","","","","",""
"Blastoise","Pokemon/Blastoise.png","Defender","Hydro Pump/Surf","Moves/Blastoise - Hydro Pump.png","Moves/Blastoise - Surf.png","S","2.393","1.545","51.46","33.36","Battle_Items/Eject Button.png","52.11","77.6","Battle_Items/Potion.png","49.87","13.88","Battle_Items/X Speed.png","48.43","6.96"
"Blastoise","Pokemon/Blastoise.png","Defender","Hydro Pump/Rapid Spin","Moves/Blastoise - Hydro Pump.png","Moves/Blastoise - Rapid Spin.png","C-","0.026","-0.416","49.04","1.05","Battle_Items/Eject Button.png","49.5","92.8","Battle_Items/Potion.png","40.0","4.18","Battle_Items/X Speed.png","45.16","2.59"
"Blastoise","Pokemon/Blastoise.png","Defender","Water Spout/Surf","Moves/Blastoise - Water Spout.png","Moves/Blastoise - Surf.png","C-","0.005","-0.434","48.28","0.28","","","","","","","","",""
"Blaziken","Pokemon/Blaziken.png","All-Rounder","All","['Moves/Blaziken - Overheat.png', 'Moves/Blaziken - Fire Punch.png']","['Moves/Blaziken - Blaze Kick.png', 'Moves/Blaziken - Focus Blast.png']","B","0.754","0.187","50.33","8.93","Battle_Items/Eject Button.png","51.18","86.25","Battle_Items/Potion.png","45.89","8.63","Battle_Items/Full Heal.png","45.95","1.95"
"Blissey","Pokemon/Blissey.png","Supporter","Egg Bomb/Safeguard","Moves/Blissey - Egg Bomb.png","Moves/Blissey - Safeguard.png","C-","-0.0","-0.438","44.91","0.1","","","","","","","","",""
"Blissey","Pokemon/Blissey.png","Supporter","Egg Bomb/Soft-Boiled","Moves/Blissey - Egg Bomb.png","Moves/Blissey - Soft-Boiled.png","B-","0.591","0.052","49.83","7.89","Battle_Items/X Speed.png","50.72","86.37","Battle_Items/Potion.png","40.32","5.64","Battle_Items/Eject Button.png","45.97","5.26"
"Blissey","Pokemon/Blissey.png","Supporter","Helping Hand/Soft-Boiled","Moves/Blissey - Helping Hand.png","Moves/Blissey - Soft-Boiled.png","C-","-0.0","-0.438","45.76","0.26","Battle_Items/X Speed.png","51.52","55.93","Battle_Items/Potion.png","38.36","24.75","Battle_Items/Slow Smoke.png","32.14","9.49"
"Blissey","Pokemon/Blissey.png","Supporter","Helping Hand/Safeguard","Moves/Blissey - Helping Hand.png","Moves/Blissey - Safeguard.png","B+","1.046","0.429","51.42","10.05","Battle_Items/X Speed.png","51.7","78.02","Battle_Items/Potion.png","51.29","11.57","Battle_Items/Eject Button.png","49.22","5.07"
"Buzzwole","Pokemon/Buzzwole.png","All-Rounder","Smack Down/Leech Life","Moves/Buzzwole - Smack Down.png","Moves/Buzzwole - Leech Life.png","D","-0.362","-0.738","45.95","5.38","Battle_Items/Eject Button.png","46.32","49.02","Battle_Items/X Speed.png","46.48","27.59","Battle_Items/Potion.png","44.04","13.98"
"Buzzwole","Pokemon/Buzzwole.png","All-Rounder","Smack Down/Superpower","Moves/Buzzwole - Smack Down.png","Moves/Buzzwole - Superpower.png","C+","0.377","-0.125","49.1","6.82","Battle_Items/Eject Button.png","49.58","86.58","Battle_Items/X Speed.png","46.22","7.17","Battle_Items/Full Heal.png","45.88","2.5"
"Buzzwole","Pokemon/Buzzwole.png","All-Rounder","Lunge/Superpower","Moves/Buzzwole - Lunge.png","Moves/Buzzwole - Superpower.png","C-","-0.001","-0.438","53.69","0.3","Battle_Items/Eject Button.png","55.67","59.88","Battle_Items/X Speed.png","43.94","19.47","Battle_Items/Full Heal.png","61.29","9.14"
"Buzzwole","Pokemon/Buzzwole.png","All-Rounder","Lunge/Leech Life","Moves/Buzzwole - Lunge.png","Moves/Buzzwole - Leech Life.png","C-","-0.026","-0.46","48.59","1.62","Battle_Items/Eject Button.png","47.86","43.31","Battle_Items/X Speed.png","49.9","27.37","Battle_Items/Potion.png","49.69","17.52"
"Ceruledge","Pokemon/Ceruledge.png","All-Rounder","Bitter Blade/Flame Charge","Moves/Ceruledge - Bitter Blade.png","Moves/Ceruledge - Flame Charge.png","C-","-0.0","-0.438","48.36","0.35","Battle_Items/X Attack.png","47.46","29.72","Battle_Items/Eject Button.png","51.49","25.44","Battle_Items/Potion.png","49.21","15.87"
"Ceruledge","Pokemon/Ceruledge.png","All-Rounder","Psycho Cut/Phantom Force","Moves/Ceruledge - Psycho Cut.png","Moves/Ceruledge - Phantom Force.png","C+","0.349","-0.149","50.01","3.0","Battle_Items/Eject Button.png","48.21","37.76","Battle_Items/X Attack.png","53.36","36.21","Battle_Items/Full Heal.png","53.78","10.09"
"Ceruledge","Pokemon/Ceruledge.png","All-Rounder","Bitter Blade/Phantom Force","Moves/Ceruledge - Bitter Blade.png","Moves/Ceruledge - Phantom Force.png","A","1.473","0.783","52.69","12.89","Battle_Items/Eject Button.png","52.79","58.71","Battle_Items/X Attack.png","53.58","20.3","Battle_Items/Full Heal.png","55.03","10.91"
"Ceruledge","Pokemon/Ceruledge.png","All-Rounder","Psycho Cut/Flame Charge","Moves/Ceruledge - Psycho Cut.png","Moves/Ceruledge - Flame Charge.png","B-","0.532","0.003","50.81","3.29","Battle_Items/X Attack.png","52.06","38.93","Battle_Items/Eject Button.png","51.18","20.35","Battle_Items/X Speed.png","49.56","15.3"
"Chandelure","Pokemon/Chandelure.png","Attacker","Overheat/Poltergeist","Moves/Chandelure - Overheat.png","Moves/Chandelure - Poltergeist.png","C-","-0.001","-0.439","48.67","0.4","Battle_Items/Eject Button.png","46.88","49.78","Battle_Items/X Speed.png","51.38","40.22","Battle_Items/X Attack.png","52.94","3.78"
"Chandelure","Pokemon/Chandelure.png","Attacker","Flamethrower/Imprison","Moves/Chandelure - Flamethrower.png","Moves/Chandelure - Imprison.png","C-","0.085","-0.368","48.95","2.26","Battle_Items/Eject Button.png","50.07","79.74","Battle_Items/X Speed.png","44.27","16.95","Battle_Items/X Attack.png","43.75","1.24"
"Chandelure","Pokemon/Chandelure.png","Attacker","Flamethrower/Poltergeist","Moves/Chandelure - Flamethrower.png","Moves/Chandelure - Poltergeist.png","C-","0.112","-0.345","49.32","1.48","Battle_Items/Eject Button.png","50.35","58.93","Battle_Items/X Speed.png","47.83","32.88","Battle_Items/Potion.png","57.81","3.8"
"Chandelure","Pokemon/Chandelure.png","Attacker","Overheat/Imprison","Moves/Chandelure - Overheat.png","Moves/Chandelure - Imprison.png","C-","0.021","-0.421","51.02","0.69","Battle_Items/Eject Button.png","52.63","69.92","Battle_Items/X Speed.png","47.37","24.11","Battle_Items/X Attack.png","62.5","2.03"
"Charizard","Pokemon/Charizard.png","All-Rounder","Flamethrower/Poltergeist","Moves/Charizard - Flamethrower.png","Moves/Charizard - Poltergeist.png","C-","0.116","-0.342","49.32","1.52","Battle_Items/Eject Button.png","50.35","58.93","Battle_Items/X Speed.png","47.83","32.88","Battle_Items/Potion.png","57.81","3.8"
"Charizard","Pokemon/Charizard.png","All-Rounder","Overheat/Imprison","Moves/Charizard - Overheat.png","Moves/Charizard - Imprison.png","C-","0.026","-0.417","51.02","0.71","Battle_Items/Eject Button.png","52.63","69.92","Battle_Items/X Speed.png","47.37","24.11","Battle_Items/X Attack.png","62.5","2.03"
"Charizard","Pokemon/Charizard.png","All-Rounder","Overheat/Poltergeist","Moves/Charizard - Overheat.png","Moves/Charizard - Poltergeist.png","C-","-0.001","-0.439","48.67","0.41","Battle_Items/Eject Button.png","46.88","49.78","Battle_Items/X Speed.png","51.38","40.22","Battle_Items/X Attack.png","52.94","3.78"
"Charizard","Pokemon/Charizard.png","All-Rounder","Flamethrower/Imprison","Moves/Charizard - Flamethrower.png","Moves/Charizard - Imprison.png","C-","0.088","-0.365","48.95","2.32","Battle_Items/Eject Button.png","50.07","79.74","Battle_Items/X Speed.png","44.27","16.95","Battle_Items/X Attack.png","43.75","1.24"
"Cinderace","Pokemon/Cinderace.png","Attacker","Blaze Kick/Feint","Moves/Cinderace - Blaze Kick.png","Moves/Cinderace - Feint.png","B+","0.995","0.387","50.92","10.99","Battle_Items/Eject Button.png","51.58","69.56","Battle_Items/X Attack.png","49.32","23.97","Battle_Items/X Speed.png","46.8","3.5"
"Cinderace","Pokemon/Cinderace.png","Attacker","Pyro Ball/Feint","Moves/Cinderace - Pyro Ball.png","Moves/Cinderace - Feint.png","C+","0.332","-0.163","48.4","8.58","Battle_Items/Eject Button.png","48.6","46.57","Battle_Items/X Attack.png","49.22","30.87","Battle_Items/X Speed.png","47.99","12.77"
"Cinderace","Pokemon/Cinderace.png","Attacker","Pyro Ball/Flame Charge","Moves/Cinderace - Pyro Ball.png","Moves/Cinderace - Flame Charge.png","C","0.17","-0.297","48.16","6.62","Battle_Items/Eject Button.png","49.82","41.6","Battle_Items/X Attack.png","48.73","30.84","Battle_Items/X Speed.png","44.7","14.53"
"Cinderace","Pokemon/Cinderace.png","Attacker","Blaze Kick/Flame Charge","Moves/Cinderace - Blaze Kick.png","Moves/Cinderace - Flame Charge.png","B+","0.931","0.334","52.88","2.74","Battle_Items/Eject Button.png","53.91","57.12","Battle_Items/X Attack.png","51.5","33.14","Battle_Items/X Speed.png","50.32","5.05"
"Clefable","Pokemon/Clefable.png","Supporter","Draining Kiss/Gravity","Moves/Clefable - Draining Kiss.png","Moves/Clefable - Gravity.png","C-","0.0","-0.438","42.8","0.04","","","","","","","","",""
"Clefable","Pokemon/Clefable.png","Supporter","Moonlight/Gravity","Moves/Clefable - Moonlight.png","Moves/Clefable - Gravity.png","D","-0.293","-0.681","46.25","5.48","Battle_Items/X Speed.png","46.17","76.08","Battle_Items/Potion.png","46.33","9.63","Battle_Items/Eject Button.png","47.68","7.27"
"Clefable","Pokemon/Clefable.png","Supporter","Draining Kiss/Follow Me","Moves/Clefable - Draining Kiss.png","Moves/Clefable - Follow Me.png","C-","0.0","-0.438","44.83","0.18","Battle_Items/X Speed.png","42.98","59.61","Battle_Items/Potion.png","57.89","18.72","Battle_Items/Eject Button.png","45.45","10.84"
"Clefable","Pokemon/Clefable.png","Supporter","Moonlight/Follow Me","Moves/Clefable - Moonlight.png","Moves/Clefable - Follow Me.png","C-","-0.016","-0.451","48.19","3.25","Battle_Items/X Speed.png","48.2","85.61","Battle_Items/Eject Button.png","47.19","6.25","Battle_Items/Potion.png","47.68","4.08"
"Comfey","Pokemon/Comfey.png","Supporter","Floral Healing/Grass Knot","Moves/Comfey - Floral Healing.png","Moves/Comfey - Grass Knot.png","D","-0.389","-0.76","46.68","2.21","Battle_Items/Slow Smoke.png","47.04","96.62","Battle_Items/Eject Button.png","34.78","0.91","Battle_Items/X Speed.png","47.06","0.68"
"Comfey","Pokemon/Comfey.png","Supporter","Sweet Kiss/Grass Knot","Moves/Comfey - Sweet Kiss.png","Moves/Comfey - Grass Knot.png","C+","0.511","-0.014","50.59","3.71","Battle_Items/Slow Smoke.png","51.29","93.55","Battle_Items/Potion.png","45.9","2.89","Battle_Items/Eject Button.png","38.27","1.92"
"Comfey","Pokemon/Comfey.png","Supporter","Sweet Kiss/Magical Leaf","Moves/Comfey - Sweet Kiss.png","Moves/Comfey - Magical Leaf.png","C-","0.0","-0.438","41.06","0.36","Battle_Items/Slow Smoke.png","42.05","94.2","Battle_Items/Eject Button.png","22.22","2.17","Battle_Items/X Attack.png","0.0","1.21"
"Comfey","Pokemon/Comfey.png","Supporter","Floral Healing/Magical Leaf","Moves/Comfey - Floral Healing.png","Moves/Comfey - Magical Leaf.png","D+","-0.104","-0.524","47.36","4.73","Battle_Items/Slow Smoke.png","47.73","94.13","Battle_Items/X Speed.png","40.21","1.8","Battle_Items/Eject Button.png","44.44","1.0"
"Cramorant","Pokemon/Cramorant.png","Attacker","Surf/Air Slash","Moves/Cramorant - Surf.png","Moves/Cramorant - Air Slash.png","C-","-0.001","-0.439","47.24","0.03","","","","","","","","",""
"Cramorant","Pokemon/Cramorant.png","Attacker","Dive/Hurricane","Moves/Cramorant - Dive.png","Moves/Cramorant - Hurricane.png","B","0.748","0.182","52.18","2.12","Battle_Items/Eject Button.png","52.02","94.4","Battle_Items/Potion.png","57.38","2.53","Battle_Items/X Attack.png","54.84","1.29"
"Cramorant","Pokemon/Cramorant.png","Attacker","Surf/Hurricane","Moves/Cramorant - Surf.png","Moves/Cramorant - Hurricane.png","C+","0.426","-0.085","50.56","2.37","Battle_Items/Eject Button.png","52.13","69.61","Battle_Items/X Speed.png","44.29","16.27","Battle_Items/Potion.png","50.25","7.32"
"Cramorant","Pokemon/Cramorant.png","Attacker","Dive/Air Slash","Moves/Cramorant - Dive.png","Moves/Cramorant - Air Slash.png","B","0.903","0.311","52.95","2.04","Battle_Items/Eject Button.png","52.98","89.45","Battle_Items/Potion.png","47.83","2.97","Battle_Items/X Speed.png","51.79","2.41"
"Crustle","Pokemon/Crustle.png","Defender","Shell Smash/X-Scissor","Moves/Crustle - Shell Smash.png","Moves/Crustle - X-Scissor.png","D+","-0.089","-0.512","48.22","1.87","Battle_Items/Potion.png","49.71","32.86","Battle_Items/Eject Button.png","47.81","26.81","Battle_Items/X Speed.png","48.34","24.08"
"Crustle","Pokemon/Crustle.png","Defender","Rock Tomb/X-Scissor","Moves/Crustle - Rock Tomb.png","Moves/Crustle - X-Scissor.png","B","0.8","0.225","51.52","5.4","Battle_Items/Eject Button.png","52.18","80.36","Battle_Items/X Speed.png","49.68","10.3","Battle_Items/Potion.png","48.71","6.96"
"Crustle","Pokemon/Crustle.png","Defender","Rock Tomb/Stealth Rock","Moves/Crustle - Rock Tomb.png","Moves/Crustle - Stealth Rock.png","D+","-0.146","-0.559","47.49","1.0","Battle_Items/Eject Button.png","48.0","33.04","Battle_Items/Potion.png","47.66","28.28","Battle_Items/X Speed.png","47.45","27.67"
"Crustle","Pokemon/Crustle.png","Defender","Shell Smash/Stealth Rock","Moves/Crustle - Shell Smash.png","Moves/Crustle - Stealth Rock.png","C-","-0.007","-0.443","47.37","0.6","Battle_Items/Fluffy Tail.png","45.49","68.13","Battle_Items/Eject Button.png","54.76","12.28","Battle_Items/X Speed.png","46.94","7.16"
"Darkrai","Pokemon/Darkrai.png","Speedster","Shadow Claw/Nasty Plot","Moves/Darkrai - Shadow Claw.png","Moves/Darkrai - Nasty Plot.png","C-","0.001","-0.437","40.87","0.05","","","","","","","","",""
"Darkrai","Pokemon/Darkrai.png","Speedster","Shadow Claw/Dark Pulse","Moves/Darkrai - Shadow Claw.png","Moves/Darkrai - Dark Pulse.png","B+","1.093","0.468","53.39","3.68","Battle_Items/Eject Button.png","54.42","46.16","Battle_Items/Shedinja Doll.png","53.62","40.57","Battle_Items/Potion.png","50.18","6.66"
"Darkrai","Pokemon/Darkrai.png","Speedster","Dark Void/Nasty Plot","Moves/Darkrai - Dark Void.png","Moves/Darkrai - Nasty Plot.png","D+","-0.122","-0.539","47.78","2.87","Battle_Items/Eject Button.png","48.47","31.94","Battle_Items/Potion.png","48.54","31.39","Battle_Items/Full Heal.png","49.11","15.51"
"Darkrai","Pokemon/Darkrai.png","Speedster","Dark Void/Dark Pulse","Moves/Darkrai - Dark Void.png","Moves/Darkrai - Dark Pulse.png","C-","0.001","-0.437","47.22","0.28","Battle_Items/Shedinja Doll.png","52.78","33.33","Battle_Items/Eject Button.png","49.53","33.02","Battle_Items/Full Heal.png","36.36","13.58"
"Decidueye","Pokemon/Decidueye.png","Attacker","Razor Leaf/Shadow Sneak","Moves/Decidueye - Razor Leaf.png","Moves/Decidueye - Shadow Sneak.png","B-","0.642","0.094","51.66","2.14","Battle_Items/X Attack.png","52.5","32.1","Battle_Items/X Speed.png","48.08","29.92","Battle_Items/Eject Button.png","53.86","27.17"
"Decidueye","Pokemon/Decidueye.png","Attacker","Spirit Shackle/Leaf Storm","Moves/Decidueye - Spirit Shackle.png","Moves/Decidueye - Leaf Storm.png","C+","0.472","-0.046","50.7","2.65","Battle_Items/Eject Button.png","52.88","51.89","Battle_Items/X Speed.png","49.29","35.07","Battle_Items/Potion.png","45.83","5.57"
"Decidueye","Pokemon/Decidueye.png","Attacker","Razor Leaf/Leaf Storm","Moves/Decidueye - Razor Leaf.png","Moves/Decidueye - Leaf Storm.png","C-","0.066","-0.383","48.02","5.31","Battle_Items/Eject Button.png","49.98","40.33","Battle_Items/X Speed.png","45.56","25.92","Battle_Items/X Attack.png","47.51","24.58"
"Decidueye","Pokemon/Decidueye.png","Attacker","Spirit Shackle/Shadow Sneak","Moves/Decidueye - Spirit Shackle.png","Moves/Decidueye - Shadow Sneak.png","A+","1.714","0.983","52.24","18.75","Battle_Items/Eject Button.png","53.05","52.81","Battle_Items/X Speed.png","51.78","40.52","Battle_Items/X Attack.png","50.42","3.93"
"Delphox","Pokemon/Delphox.png","Attacker","Mystical Fire/Flame Charge","Moves/Delphox - Mystical Fire.png","Moves/Delphox - Flame Charge.png","C+","0.422","-0.088","50.75","1.7","Battle_Items/Eject Button.png","51.95","78.54","Battle_Items/X Speed.png","45.53","13.32","Battle_Items/Full Heal.png","48.44","3.32"
"Delphox","Pokemon/Delphox.png","Attacker","Fire Blast/Fire Spin","Moves/Delphox - Fire Blast.png","Moves/Delphox - Fire Spin.png","C-","0.037","-0.407","48.18","4.23","Battle_Items/Eject Button.png","50.55","49.49","Battle_Items/X Speed.png","45.91","40.17","Battle_Items/Potion.png","48.57","5.09"
"Delphox","Pokemon/Delphox.png","Attacker","Fire Blast/Flame Charge","Moves/Delphox - Fire Blast.png","Moves/Delphox - Flame Charge.png","C-","-0.001","-0.439","55.27","0.06","","","","","","","","",""
"Delphox","Pokemon/Delphox.png","Attacker","Mystical Fire/Fire Spin","Moves/Delphox - Mystical Fire.png","Moves/Delphox - Fire Spin.png","D+","-0.103","-0.523","48.23","1.54","Battle_Items/Eject Button.png","48.7","61.35","Battle_Items/X Speed.png","45.77","29.65","Battle_Items/Shedinja Doll.png","52.94","2.91"
"Dhelmise","Pokemon/Dhelmise.png","All-Rounder","Power Whip/Anchor Shot","Moves/Dhelmise - Power Whip.png","Moves/Dhelmise - Anchor Shot.png","B","0.894","0.303","51.96","5.44","Battle_Items/Eject Button.png","51.82","42.55","Battle_Items/X Speed.png","54.08","39.82","Battle_Items/Potion.png","48.55","8.92"
"Dhelmise","Pokemon/Dhelmise.png","All-Rounder","Power Whip/Heavy Slam","Moves/Dhelmise - Power Whip.png","Moves/Dhelmise - Heavy Slam.png","C-","-0.001","-0.439","51.91","0.12","Battle_Items/X Speed.png","58.49","40.46","Battle_Items/Eject Button.png","56.0","38.17","Battle_Items/Potion.png","47.37","14.5"
"Dhelmise","Pokemon/Dhelmise.png","All-Rounder","Whirlpool/Heavy Slam","Moves/Dhelmise - Whirlpool.png","Moves/Dhelmise - Heavy Slam.png","C-","-0.001","-0.439","46.39","0.09","Battle_Items/Eject Button.png","43.24","38.14","Battle_Items/X Speed.png","51.52","34.02","Battle_Items/Potion.png","46.67","15.46"
"Dhelmise","Pokemon/Dhelmise.png","All-Rounder","Whirlpool/Anchor Shot","Moves/Dhelmise - Whirlpool.png","Moves/Dhelmise - Anchor Shot.png","D+","-0.16","-0.57","47.95","1.31","Battle_Items/Eject Button.png","46.35","44.31","Battle_Items/X Speed.png","51.08","31.11","Battle_Items/Potion.png","40.33","12.19"
"Dodrio","Pokemon/Dodrio.png","Speedster","Drill Peck/Jump Kick","Moves/Dodrio - Drill Peck.png","Moves/Dodrio - Jump Kick.png","D+","-0.105","-0.525","47.88","1.0","Battle_Items/Full Heal.png","47.79","65.7","Battle_Items/X Speed.png","48.63","16.14","Battle_Items/Eject Button.png","45.0","7.05"
"Dodrio","Pokemon/Dodrio.png","Speedster","Tri Attack/Jump Kick","Moves/Dodrio - Tri Attack.png","Moves/Dodrio - Jump Kick.png","C+","0.489","-0.033","50.31","4.37","Battle_Items/Full Heal.png","50.43","97.93","Battle_Items/Goal Getter.png","42.86","0.85","Battle_Items/X Speed.png","22.73","0.44"
"Dodrio","Pokemon/Dodrio.png","Speedster","Tri Attack/Agility","Moves/Dodrio - Tri Attack.png","Moves/Dodrio - Agility.png","C-","-0.001","-0.439","41.97","0.27","Battle_Items/Full Heal.png","44.55","66.23","Battle_Items/X Speed.png","39.39","10.82","Battle_Items/Potion.png","23.81","6.89"
"Dodrio","Pokemon/Dodrio.png","Speedster","Drill Peck/Agility","Moves/Dodrio - Drill Peck.png","Moves/Dodrio - Agility.png","C-","-0.001","-0.439","40.91","0.1","Battle_Items/X Speed.png","30.95","38.18","Battle_Items/Full Heal.png","40.0","22.73","Battle_Items/Goal Getter.png","53.85","11.82"
"Dragapult","Pokemon/Dragapult.png","Attacker","Dragon Breath/Dragon Dance","Moves/Dragapult - Dragon Breath.png","Moves/Dragapult - Dragon Dance.png","A","1.362","0.691","52.73","10.75","Battle_Items/X Attack.png","52.62","47.12","Battle_Items/Full Heal.png","54.67","26.29","Battle_Items/Eject Button.png","51.96","18.18"
"Dragapult","Pokemon/Dragapult.png","Attacker","Shadow Ball/Phantom Force","Moves/Dragapult - Shadow Ball.png","Moves/Dragapult - Phantom Force.png","B+","0.954","0.353","51.28","8.9","Battle_Items/X Attack.png","52.22","72.48","Battle_Items/Eject Button.png","48.62","17.58","Battle_Items/Full Heal.png","49.46","4.58"
"Dragapult","Pokemon/Dragapult.png","Attacker","Shadow Ball/Dragon Dance","Moves/Dragapult - Shadow Ball.png","Moves/Dragapult - Dragon Dance.png","B-","0.68","0.126","51.69","2.63","Battle_Items/X Attack.png","53.67","48.38","Battle_Items/Full Heal.png","52.84","24.19","Battle_Items/Eject Button.png","48.83","18.57"
"Dragapult","Pokemon/Dragapult.png","Attacker","Dragon Breath/Phantom Force","Moves/Dragapult - Dragon Breath.png","Moves/Dragapult - Phantom Force.png","C-","0.017","-0.424","49.94","0.72","Battle_Items/X Attack.png","50.22","55.41","Battle_Items/Eject Button.png","51.5","24.3","Battle_Items/X Speed.png","51.46","12.52"
"Dragonite","Pokemon/Dragonite.png","All-Rounder","Extreme Speed/Outrage","Moves/Dragonite - Extreme Speed.png","Moves/Dragonite - Outrage.png","D-","-0.521","-0.87","45.04","1.08","Battle_Items/X Attack.png","42.71","23.41","Battle_Items/Full Heal.png","45.56","21.06","Battle_Items/Potion.png","46.72","19.84"
"Dragonite","Pokemon/Dragonite.png","All-Rounder","Dragon Dance/Hyper Beam","Moves/Dragonite - Dragon Dance.png","Moves/Dragonite - Hyper Beam.png","B","0.849","0.266","51.79","5.27","Battle_Items/Full Heal.png","52.78","51.31","Battle_Items/Eject Button.png","52.72","35.25","Battle_Items/X Attack.png","49.24","5.53"
"Dragonite","Pokemon/Dragonite.png","All-Rounder","Extreme Speed/Hyper Beam","Moves/Dragonite - Extreme Speed.png","Moves/Dragonite - Hyper Beam.png","C-","-0.001","-0.439","27.91","0.01","","","","","","","","",""
"Dragonite","Pokemon/Dragonite.png","All-Rounder","Dragon Dance/Outrage","Moves/Dragonite - Dragon Dance.png","Moves/Dragonite - Outrage.png","C","0.193","-0.278","49.83","1.32","Battle_Items/Full Heal.png","50.95","35.14","Battle_Items/X Attack.png","52.86","23.38","Battle_Items/X Speed.png","43.68","12.69"
"Duraludon","Pokemon/Duraludon.png","Attacker","Flash Cannon/Dragon Tail","Moves/Duraludon - Flash Cannon.png","Moves/Duraludon - Dragon Tail.png","C-","0.001","-0.437","50.0","0.56","Battle_Items/Eject Button.png","52.23","49.22","Battle_Items/X Attack.png","45.21","22.88","Battle_Items/Shedinja Doll.png","58.06","14.58"
"Duraludon","Pokemon/Duraludon.png","Attacker","Flash Cannon/Stealth Rock","Moves/Duraludon - Flash Cannon.png","Moves/Duraludon - Stealth Rock.png","C-","-0.001","-0.439","48.74","0.31","Battle_Items/Eject Button.png","52.82","54.62","Battle_Items/X Attack.png","44.59","20.73","Battle_Items/X Speed.png","45.83","13.45"
"Duraludon","Pokemon/Duraludon.png","Attacker","Dragon Pulse/Stealth Rock","Moves/Duraludon - Dragon Pulse.png","Moves/Duraludon - Stealth Rock.png","C-","-0.001","-0.439","42.86","0.25","Battle_Items/Eject Button.png","40.23","62.14","Battle_Items/X Attack.png","50.0","22.14","Battle_Items/X Speed.png","39.13","8.21"
"Duraludon","Pokemon/Duraludon.png","Attacker","Dragon Pulse/Dragon Tail","Moves/Duraludon - Dragon Pulse.png","Moves/Duraludon - Dragon Tail.png","C-","-0.001","-0.439","39.06","0.06","Battle_Items/Eject Button.png","42.86","43.75","Battle_Items/X Attack.png","36.36","34.38","Battle_Items/X Speed.png","36.36","17.19"
"Eldegoss","Pokemon/Eldegoss.png","Supporter","Leaf Tornado/Cotton Spore","Moves/Eldegoss - Leaf Tornado.png","Moves/Eldegoss - Cotton Spore.png","C-","0.01","-0.43","52.85","0.59","Battle_Items/X Speed.png","51.82","33.03","Battle_Items/Potion.png","54.19","23.27","Battle_Items/X Attack.png","54.24","17.72"
"Eldegoss","Pokemon/Eldegoss.png","Supporter","Pollen Puff/Cotton Guard","Moves/Eldegoss - Pollen Puff.png","Moves/Eldegoss - Cotton Guard.png","C-","-0.013","-0.449","48.19","3.32","Battle_Items/X Speed.png","47.91","52.55","Battle_Items/Eject Button.png","50.24","27.53","Battle_Items/Potion.png","41.3","8.52"
"Eldegoss","Pokemon/Eldegoss.png","Supporter","Pollen Puff/Cotton Spore","Moves/Eldegoss - Pollen Puff.png","Moves/Eldegoss - Cotton Spore.png","C","0.216","-0.259","49.5","2.55","Battle_Items/X Speed.png","50.3","45.53","Battle_Items/Eject Button.png","48.94","25.98","Battle_Items/Potion.png","50.42","12.19"
"Eldegoss","Pokemon/Eldegoss.png","Supporter","Leaf Tornado/Cotton Guard","Moves/Eldegoss - Leaf Tornado.png","Moves/Eldegoss - Cotton Guard.png","C-","-0.001","-0.439","50.89","0.3","Battle_Items/X Speed.png","46.83","37.5","Battle_Items/Eject Button.png","60.81","22.02","Battle_Items/Potion.png","44.62","19.35"
"Empoleon","Pokemon/Empoleon.png","All-Rounder","Hydro Cannon/Aqua Jet","Moves/Empoleon - Hydro Cannon.png","Moves/Empoleon - Aqua Jet.png","C+","0.477","-0.042","50.73","2.63","Battle_Items/Full Heal.png","51.5","43.36","Battle_Items/Eject Button.png","51.47","27.17","Battle_Items/X Speed.png","49.75","13.55"
"Empoleon","Pokemon/Empoleon.png","All-Rounder","Hydro Cannon/Metal Claw","Moves/Empoleon - Hydro Cannon.png","Moves/Empoleon - Metal Claw.png","D+","-0.175","-0.583","47.52","1.06","Battle_Items/Eject Button.png","49.12","28.31","Battle_Items/Potion.png","41.44","21.77","Battle_Items/Full Heal.png","51.0","20.61"
"Empoleon","Pokemon/Empoleon.png","All-Rounder","Whirlpool/Aqua Jet","Moves/Empoleon - Whirlpool.png","Moves/Empoleon - Aqua Jet.png","C-","-0.001","-0.439","47.66","0.21","Battle_Items/Full Heal.png","50.0","28.94","Battle_Items/Potion.png","33.96","22.55","Battle_Items/Eject Button.png","48.08","22.13"
"Empoleon","Pokemon/Empoleon.png","All-Rounder","Whirlpool/Metal Claw","Moves/Empoleon - Whirlpool.png","Moves/Empoleon - Metal Claw.png","C-","-0.001","-0.439","41.57","0.15","Battle_Items/Eject Button.png","46.88","38.55","Battle_Items/X Speed.png","51.52","19.88","Battle_Items/Potion.png","25.81","18.67"
"Espeon","Pokemon/Espeon.png","Attacker","Psyshock/Psybeam","Moves/Espeon - Psyshock.png","Moves/Espeon - Psybeam.png","C","0.238","-0.241","48.65","6.03","Battle_Items/Eject Button.png","49.64","73.71","Battle_Items/X Speed.png","45.92","18.6","Battle_Items/Potion.png","45.43","4.94"
"Espeon","Pokemon/Espeon.png","Attacker","Stored Power/Future Sight","Moves/Espeon - Stored Power.png","Moves/Espeon - Future Sight.png","C-","0.036","-0.408","47.86","5.38","Battle_Items/Eject Button.png","48.12","51.73","Battle_Items/X Speed.png","47.61","34.57","Battle_Items/Potion.png","48.49","8.66"
"Espeon","Pokemon/Espeon.png","Attacker","Stored Power/Psybeam","Moves/Espeon - Stored Power.png","Moves/Espeon - Psybeam.png","D+","-0.098","-0.519","47.98","2.59","Battle_Items/Eject Button.png","48.78","66.51","Battle_Items/X Speed.png","47.03","24.02","Battle_Items/Potion.png","45.45","5.97"
"Espeon","Pokemon/Espeon.png","Attacker","Psyshock/Future Sight","Moves/Espeon - Psyshock.png","Moves/Espeon - Future Sight.png","C-","0.081","-0.371","48.4","4.2","Battle_Items/Eject Button.png","49.36","54.14","Battle_Items/X Speed.png","48.11","32.61","Battle_Items/Potion.png","44.84","9.53"
"Falinks","Pokemon/Falinks.png","All-Rounder","Megahorn/Beat Up","Moves/Falinks - Megahorn.png","Moves/Falinks - Beat Up.png","C-","-0.001","-0.439","59.68","0.05","Battle_Items/X Speed.png","59.09","35.48","Battle_Items/Potion.png","61.11","29.03","Battle_Items/X Attack.png","50.0","16.13"
"Falinks","Pokemon/Falinks.png","All-Rounder","Iron Head/No Retreat","Moves/Falinks - Iron Head.png","Moves/Falinks - No Retreat.png","C-","-0.001","-0.439","50.7","0.06","Battle_Items/Eject Button.png","48.28","40.85","Battle_Items/X Speed.png","56.25","22.54","Battle_Items/Potion.png","57.14","19.72"
"Falinks","Pokemon/Falinks.png","All-Rounder","Megahorn/No Retreat","Moves/Falinks - Megahorn.png","Moves/Falinks - No Retreat.png","C-","-0.001","-0.439","44.19","0.15","Battle_Items/Eject Button.png","45.16","36.05","Battle_Items/X Speed.png","42.86","32.56","Battle_Items/Potion.png","51.72","16.86"
"Falinks","Pokemon/Falinks.png","All-Rounder","Iron Head/Beat Up","Moves/Falinks - Iron Head.png","Moves/Falinks - Beat Up.png","C-","0.015","-0.425","49.28","0.85","Battle_Items/X Speed.png","50.0","32.51","Battle_Items/Eject Button.png","49.5","30.97","Battle_Items/Potion.png","45.0","12.35"
"Galarian Rapidash","Pokemon/Galarian Rapidash.png","Speedster","Fairy Wind/Agility","Moves/Galarian Rapidash - Fairy Wind.png","Moves/Galarian Rapidash - Agility.png","C-","-0.001","-0.439","46.82","0.19","Battle_Items/X Speed.png","50.97","70.45","Battle_Items/Potion.png","12.5","10.91","Battle_Items/Full Heal.png","56.25","7.27"
"Galarian Rapidash","Pokemon/Galarian Rapidash.png","Speedster","Dazzling Gleam/Agility","Moves/Galarian Rapidash - Dazzling Gleam.png","Moves/Galarian Rapidash - Agility.png","C-","-0.002","-0.44","44.07","0.44","Battle_Items/X Speed.png","44.23","70.16","Battle_Items/Full Heal.png","55.36","11.07","Battle_Items/Potion.png","41.82","10.87"
"Galarian Rapidash","Pokemon/Galarian Rapidash.png","Speedster","Dazzling Gleam/Smart Strike","Moves/Galarian Rapidash - Dazzling Gleam.png","Moves/Galarian Rapidash - Smart Strike.png","B-","0.728","0.166","51.86","2.91","Battle_Items/X Speed.png","52.3","51.8","Battle_Items/Potion.png","52.58","22.86","Battle_Items/Full Heal.png","50.63","21.59"
"Galarian Rapidash","Pokemon/Galarian Rapidash.png","Speedster","Fairy Wind/Smart Strike","Moves/Galarian Rapidash - Fairy Wind.png","Moves/Galarian Rapidash - Smart Strike.png","C-","-0.001","-0.439","46.94","0.17","Battle_Items/X Speed.png","47.48","70.92","Battle_Items/Potion.png","33.33","12.24","Battle_Items/Full Heal.png","59.09","11.22"
"Garchomp","Pokemon/Garchomp.png","All-Rounder","Dragon Rush/Earthquake","Moves/Garchomp - Dragon Rush.png","Moves/Garchomp - Earthquake.png","C-","-0.001","-0.439","50.08","0.06","","","","","","","","",""
"Garchomp","Pokemon/Garchomp.png","All-Rounder","Dig/Dragon Claw","Moves/Garchomp - Dig.png","Moves/Garchomp - Dragon Claw.png","C-","-0.001","-0.439","50.08","0.07","","","","","","","","",""
"Garchomp","Pokemon/Garchomp.png","All-Rounder","Dig/Earthquake","Moves/Garchomp - Dig.png","Moves/Garchomp - Earthquake.png","C-","0.024","-0.418","49.89","0.79","Battle_Items/Eject Button.png","55.59","39.04","Battle_Items/Potion.png","44.68","21.03","Battle_Items/X Attack.png","47.55","16.0"
"Garchomp","Pokemon/Garchomp.png","All-Rounder","Dragon Rush/Dragon Claw","Moves/Garchomp - Dragon Rush.png","Moves/Garchomp - Dragon Claw.png","A-","1.203","0.559","52.78","7.84","Battle_Items/Eject Button.png","53.77","86.1","Battle_Items/Full Heal.png","49.61","4.34","Battle_Items/X Attack.png","47.3","4.15"
"Gardevoir","Pokemon/Gardevoir.png","Attacker","Psychic/Future Sight","Moves/Gardevoir - Psychic.png","Moves/Gardevoir - Future Sight.png","D","-0.397","-0.767","46.72","1.36","Battle_Items/Eject Button.png","47.33","52.24","Battle_Items/X Speed.png","48.08","35.5","Battle_Items/Potion.png","37.04","5.26"
"Gardevoir","Pokemon/Gardevoir.png","Attacker","Moonblast/Psyshock","Moves/Gardevoir - Moonblast.png","Moves/Gardevoir - Psyshock.png","C","0.198","-0.274","49.47","2.34","Battle_Items/Eject Button.png","51.55","54.43","Battle_Items/X Speed.png","47.07","32.01","Battle_Items/Potion.png","50.29","6.57"
"Gardevoir","Pokemon/Gardevoir.png","Attacker","Moonblast/Future Sight","Moves/Gardevoir - Moonblast.png","Moves/Gardevoir - Future Sight.png","D+","-0.155","-0.566","47.64","2.85","Battle_Items/Eject Button.png","47.87","63.14","Battle_Items/X Speed.png","47.74","27.29","Battle_Items/Potion.png","46.2","4.88"
"Gardevoir","Pokemon/Gardevoir.png","Attacker","Psychic/Psyshock","Moves/Gardevoir - Psychic.png","Moves/Gardevoir - Psyshock.png","C","0.263","-0.22","49.26","4.25","Battle_Items/Eject Button.png","52.61","50.74","Battle_Items/X Speed.png","46.76","30.65","Battle_Items/Potion.png","42.13","10.13"
"Gengar","Pokemon/Gengar.png","Speedster","Sludge Bomb/Dream Eater","Moves/Gengar - Sludge Bomb.png","Moves/Gengar - Dream Eater.png","C-","-0.0","-0.438","32.95","0.03","","","","","","","","",""
"Gengar","Pokemon/Gengar.png","Speedster","Shadow Ball/Dream Eater","Moves/Gengar - Shadow Ball.png","Moves/Gengar - Dream Eater.png","C+","0.395","-0.11","49.46","5.82","Battle_Items/Eject Button.png","50.73","44.68","Battle_Items/X Speed.png","48.95","23.06","Battle_Items/Full Heal.png","50.92","14.78"
"Gengar","Pokemon/Gengar.png","Speedster","Shadow Ball/Hex","Moves/Gengar - Shadow Ball.png","Moves/Gengar - Hex.png","C-","-0.0","-0.438","32.95","0.02","","","","","","","","",""
"Gengar","Pokemon/Gengar.png","Speedster","Sludge Bomb/Hex","Moves/Gengar - Sludge Bomb.png","Moves/Gengar - Hex.png","B+","1.082","0.459","52.74","5.86","Battle_Items/Full Heal.png","54.82","56.93","Battle_Items/Eject Button.png","52.47","16.69","Battle_Items/X Speed.png","49.2","13.11"
"Glaceon","Pokemon/Glaceon.png","Attacker","Icicle Spear/Ice Shard","Moves/Glaceon - Icicle Spear.png","Moves/Glaceon - Ice Shard.png","C","0.15","-0.313","47.6","8.32","Battle_Items/Eject Button.png","49.07","46.23","Battle_Items/X Speed.png","46.26","42.24","Battle_Items/X Attack.png","45.77","5.75"
"Glaceon","Pokemon/Glaceon.png","Attacker","Icicle Spear/Freeze-Dry","Moves/Glaceon - Icicle Spear.png","Moves/Glaceon - Freeze-Dry.png","C-","-0.001","-0.439","44.6","0.05","","","","","","","","",""
"Glaceon","Pokemon/Glaceon.png","Attacker","Icy Wind/Freeze-Dry","Moves/Glaceon - Icy Wind.png","Moves/Glaceon - Freeze-Dry.png","B+","0.989","0.381","54.1","1.31","Battle_Items/Eject Button.png","56.75","73.66","Battle_Items/X Speed.png","45.86","21.1","Battle_Items/X Attack.png","39.13","3.09"
"Glaceon","Pokemon/Glaceon.png","Attacker","Icy Wind/Ice Shard","Moves/Glaceon - Icy Wind.png","Moves/Glaceon - Ice Shard.png","C-","-0.001","-0.439","44.6","0.06","","","","","","","","",""
"Goodra","Pokemon/Goodra.png","Defender","Dragon Pulse/Acid Spray","Moves/Goodra - Dragon Pulse.png","Moves/Goodra - Acid Spray.png","D+","-0.231","-0.629","45.13","0.89","Battle_Items/Potion.png","48.33","61.85","Battle_Items/X Speed.png","40.21","27.63","Battle_Items/Eject Button.png","42.5","3.93"
"Goodra","Pokemon/Goodra.png","Defender","Dragon Pulse/Power Whip","Moves/Goodra - Dragon Pulse.png","Moves/Goodra - Power Whip.png","D","-0.323","-0.706","47.1","1.82","Battle_Items/Potion.png","48.08","61.53","Battle_Items/X Speed.png","45.96","28.04","Battle_Items/Eject Button.png","41.57","4.3"
"Goodra","Pokemon/Goodra.png","Defender","Muddy Water/Power Whip","Moves/Goodra - Muddy Water.png","Moves/Goodra - Power Whip.png","C-","-0.001","-0.439","46.0","0.41","Battle_Items/Potion.png","46.08","46.87","Battle_Items/X Speed.png","47.83","39.74","Battle_Items/Eject Button.png","48.0","5.4"
"Goodra","Pokemon/Goodra.png","Defender","Muddy Water/Acid Spray","Moves/Goodra - Muddy Water.png","Moves/Goodra - Acid Spray.png","C-","-0.001","-0.439","48.08","0.34","Battle_Items/Potion.png","47.76","51.41","Battle_Items/X Speed.png","48.17","41.94","Battle_Items/Full Heal.png","63.64","2.81"
"Greedent","Pokemon/Greedent.png","Defender","Bullet Seed/Covet","Moves/Greedent - Bullet Seed.png","Moves/Greedent - Covet.png","C-","-0.001","-0.439","44.54","0.02","","","","","","","","",""
"Greedent","Pokemon/Greedent.png","Defender","Belch/Covet","Moves/Greedent - Belch.png","Moves/Greedent - Covet.png","A-","1.246","0.595","54.61","2.02","Battle_Items/Potion.png","55.35","31.26","Battle_Items/X Speed.png","49.83","26.26","Battle_Items/Eject Button.png","54.66","20.52"
"Greedent","Pokemon/Greedent.png","Defender","Bullet Seed/Stuff Cheeks","Moves/Greedent - Bullet Seed.png","Moves/Greedent - Stuff Cheeks.png","C-","-0.005","-0.442","48.4","0.66","Battle_Items/X Speed.png","50.58","45.48","Battle_Items/Potion.png","44.02","24.47","Battle_Items/Goal Getter.png","40.0","10.64"
"Greedent","Pokemon/Greedent.png","Defender","Belch/Stuff Cheeks","Moves/Greedent - Belch.png","Moves/Greedent - Stuff Cheeks.png","C-","-0.001","-0.439","51.38","0.1","Battle_Items/X Speed.png","50.0","38.53","Battle_Items/Goal Getter.png","64.0","22.94","Battle_Items/Potion.png","40.91","20.18"
"Greninja","Pokemon/Greninja.png","Attacker","Water Shuriken/Double Team","Moves/Greninja - Water Shuriken.png","Moves/Greninja - Double Team.png","A-","1.2","0.557","51.51","12.37","Battle_Items/Eject Button.png","52.94","42.97","Battle_Items/X Attack.png","51.91","28.61","Battle_Items/X Speed.png","48.97","15.61"
"Greninja","Pokemon/Greninja.png","Attacker","Water Shuriken/Smokescreen","Moves/Greninja - Water Shuriken.png","Moves/Greninja - Smokescreen.png","C-","0.002","-0.436","46.23","0.41","","","","","","","","",""
"Greninja","Pokemon/Greninja.png","Attacker","Surf/Smokescreen","Moves/Greninja - Surf.png","Moves/Greninja - Smokescreen.png","S","2.167","1.358","54.82","17.2","Battle_Items/X Attack.png","55.93","81.29","Battle_Items/Eject Button.png","48.67","11.35","Battle_Items/Full Heal.png","55.93","3.84"
"Greninja","Pokemon/Greninja.png","Attacker","Surf/Double Team","Moves/Greninja - Surf.png","Moves/Greninja - Double Team.png","A+","1.703","0.973","53.78","12.88","Battle_Items/X Attack.png","54.1","67.16","Battle_Items/Eject Button.png","53.77","20.57","Battle_Items/X Speed.png","50.06","5.44"
"Gyarados","Pokemon/Gyarados.png","All-Rounder","Dragon Breath/Waterfall","Moves/Gyarados - Dragon Breath.png","Moves/Gyarados - Waterfall.png","C-","-0.013","-0.449","47.59","0.68","Battle_Items/Potion.png","50.29","44.99","Battle_Items/Eject Button.png","43.6","27.44","Battle_Items/X Speed.png","42.5","10.4"
"Gyarados","Pokemon/Gyarados.png","All-Rounder","Dragon Breath/Bounce","Moves/Gyarados - Dragon Breath.png","Moves/Gyarados - Bounce.png","C-","-0.002","-0.44","48.28","0.56","Battle_Items/Eject Button.png","49.16","56.11","Battle_Items/Potion.png","46.85","17.4","Battle_Items/X Speed.png","57.53","11.44"
"Gyarados","Pokemon/Gyarados.png","All-Rounder","Aqua Tail/Bounce","Moves/Gyarados - Aqua Tail.png","Moves/Gyarados - Bounce.png","C-","-0.001","-0.439","46.94","0.09","Battle_Items/Eject Button.png","52.08","48.98","Battle_Items/Potion.png","44.44","27.55","Battle_Items/Full Heal.png","45.45","11.22"
"Gyarados","Pokemon/Gyarados.png","All-Rounder","Aqua Tail/Waterfall","Moves/Gyarados - Aqua Tail.png","Moves/Gyarados - Waterfall.png","C-","-0.001","-0.439","38.96","0.07","Battle_Items/Potion.png","32.5","51.95","Battle_Items/Eject Button.png","53.85","16.88","Battle_Items/X Speed.png","50.0","10.39"
"Ho-Oh","Pokemon/Ho-Oh.png","Defender","Fire Spin/Sky Attack","Moves/Ho-Oh - Fire Spin.png","Moves/Ho-Oh - Sky Attack.png","C","0.273","-0.212","50.08","1.56","Battle_Items/X Speed.png","51.88","44.79","Battle_Items/Potion.png","48.32","36.8","Battle_Items/Eject Button.png","46.48","7.99"
"Ho-Oh","Pokemon/Ho-Oh.png","Defender","Sacred Fire/Flamethrower","Moves/Ho-Oh - Sacred Fire.png","Moves/Ho-Oh - Flamethrower.png","C","0.263","-0.22","50.24","1.29","Battle_Items/X Speed.png","51.71","49.97","Battle_Items/Potion.png","47.7","34.24","Battle_Items/Eject Button.png","55.24","7.18"
"Ho-Oh","Pokemon/Ho-Oh.png","Defender","Sacred Fire/Sky Attack","Moves/Ho-Oh - Sacred Fire.png","Moves/Ho-Oh - Sky Attack.png","C-","-0.0","-0.438","55.11","0.4","Battle_Items/X Speed.png","59.88","37.11","Battle_Items/Potion.png","53.85","34.67","Battle_Items/Eject Button.png","58.54","9.11"
"Ho-Oh","Pokemon/Ho-Oh.png","Defender","Fire Spin/Flamethrower","Moves/Ho-Oh - Fire Spin.png","Moves/Ho-Oh - Flamethrower.png","C-","-0.001","-0.438","51.96","0.36","Battle_Items/X Speed.png","54.33","62.25","Battle_Items/Potion.png","45.05","27.21","Battle_Items/Eject Button.png","47.06","4.17"
"Hoopa","Pokemon/Hoopa.png","Supporter","Phantom Force/Hyperspace Hole","Moves/Hoopa - Phantom Force.png","Moves/Hoopa - Hyperspace Hole.png","D+","-0.092","-0.514","47.92","2.93","Battle_Items/Eject Button.png","49.95","36.07","Battle_Items/Potion.png","46.84","6.39","Battle_Items/X Speed.png","48.85","46.14"
"Hoopa","Pokemon/Hoopa.png","Supporter","Phantom Force/Trick","Moves/Hoopa - Phantom Force.png","Moves/Hoopa - Trick.png","B+","0.972","0.368","53.76","1.4","Battle_Items/Eject Button.png","55.42","37.9","Battle_Items/Potion.png","47.77","5.8","Battle_Items/X Speed.png","54.37","47.16"
"Hoopa","Pokemon/Hoopa.png","Supporter","Shadow Ball/Hyperspace Hole","Moves/Hoopa - Shadow Ball.png","Moves/Hoopa - Hyperspace Hole.png","C-","-0.001","-0.439","52.14","0.11","Battle_Items/Eject Button.png","54.33","32.75","Battle_Items/X Speed.png","52.25","45.85","","",""
"Hoopa","Pokemon/Hoopa.png","Supporter","Shadow Ball/Trick","Moves/Hoopa - Shadow Ball.png","Moves/Hoopa - Trick.png","C+","0.411","-0.098","52.52","1.02","Battle_Items/Eject Button.png","54.49","23.65","Battle_Items/Potion.png","50.56","14.75","Battle_Items/X Speed.png","52.21","43.49"
"Lapras","Pokemon/Lapras.png","Defender","Water Pulse/Bubble Beam","Moves/Lapras - Water Pulse.png","Moves/Lapras - Bubble Beam.png","C-","-0.035","-0.467","48.16","3.04","Battle_Items/X Speed.png","49.04","52.56","Battle_Items/Potion.png","47.44","40.18","Battle_Items/Eject Button.png","52.0","4.34"
"Lapras","Pokemon/Lapras.png","Defender","Perish Song/Bubble Beam","Moves/Lapras - Perish Song.png","Moves/Lapras - Bubble Beam.png","D","-0.45","-0.811","46.45","1.99","Battle_Items/X Speed.png","46.37","49.23","Battle_Items/Potion.png","46.31","42.44","Battle_Items/Eject Button.png","47.92","4.23"
"Lapras","Pokemon/Lapras.png","Defender","Perish Song/Ice Beam","Moves/Lapras - Perish Song.png","Moves/Lapras - Ice Beam.png","C","0.309","-0.182","50.17","1.78","Battle_Items/X Speed.png","49.67","52.09","Battle_Items/Potion.png","52.84","38.25","Battle_Items/Eject Button.png","40.51","3.89"
"Lapras","Pokemon/Lapras.png","Defender","Water Pulse/Ice Beam","Moves/Lapras - Water Pulse.png","Moves/Lapras - Ice Beam.png","C+","0.478","-0.042","51.32","1.33","Battle_Items/X Speed.png","51.69","60.49","Battle_Items/Potion.png","49.25","35.36","Battle_Items/Eject Button.png","60.61","2.18"
"Latias","Pokemon/Latias.png","Supporter","Dragon Cheer/Dragon Breath","Moves/Latias - Dragon Cheer.png","Moves/Latias - Dragon Breath.png","B","0.81","0.234","52.32","2.67","Battle_Items/Eject Button.png","53.54","64.14","Battle_Items/X Speed.png","51.04","22.06","Battle_Items/Potion.png","49.15","7.77"
"Latias","Pokemon/Latias.png","Supporter","Mist Ball/Dragon Breath","Moves/Latias - Mist Ball.png","Moves/Latias - Dragon Breath.png","C-","-0.032","-0.465","48.62","1.05","Battle_Items/Eject Button.png","52.91","47.45","Battle_Items/X Speed.png","45.38","39.83","Battle_Items/Potion.png","41.24","8.12"
"Latias","Pokemon/Latias.png","Supporter","Mist Ball/Dragon Pulse","Moves/Latias - Mist Ball.png","Moves/Latias - Dragon Pulse.png","C+","0.412","-0.097","50.06","3.93","Battle_Items/Eject Button.png","50.24","41.96","Battle_Items/X Speed.png","50.31","32.83","Battle_Items/Potion.png","50.52","21.57"
"Latias","Pokemon/Latias.png","Supporter","Dragon Cheer/Dragon Pulse","Moves/Latias - Dragon Cheer.png","Moves/Latias - Dragon Pulse.png","B","0.782","0.21","52.09","3.0","Battle_Items/Eject Button.png","52.44","42.57","Battle_Items/X Speed.png","50.73","28.07","Battle_Items/Potion.png","53.05","22.09"
"Latios","Pokemon/Latios.png","Attacker","Telekinesis/Draco Meteor","Moves/Latios - Telekinesis.png","Moves/Latios - Draco Meteor.png","B+","0.941","0.342","51.03","9.63","Battle_Items/Eject Button.png","52.16","76.47","Battle_Items/X Speed.png","47.35","18.28","Battle_Items/X Attack.png","49.21","1.74"
"Latios","Pokemon/Latios.png","Attacker","Luster Purge/Draco Meteor","Moves/Latios - Luster Purge.png","Moves/Latios - Draco Meteor.png","C-","-0.024","-0.458","48.47","2.1","Battle_Items/Eject Button.png","49.74","72.58","Battle_Items/X Speed.png","45.7","22.94","Battle_Items/Potion.png","42.22","1.89"
"Latios","Pokemon/Latios.png","Attacker","Telekinesis/Dragon Pulse","Moves/Latios - Telekinesis.png","Moves/Latios - Dragon Pulse.png","C+","0.473","-0.046","50.97","1.76","Battle_Items/Eject Button.png","51.78","77.23","Battle_Items/X Speed.png","49.43","17.37","Battle_Items/Potion.png","40.91","2.2"
"Latios","Pokemon/Latios.png","Attacker","Luster Purge/Dragon Pulse","Moves/Latios - Luster Purge.png","Moves/Latios - Dragon Pulse.png","B-","0.695","0.138","50.59","6.93","Battle_Items/Eject Button.png","50.68","88.1","Battle_Items/X Speed.png","51.81","9.1","Battle_Items/Potion.png","41.54","0.82"
"Leafeon","Pokemon/Leafeon.png","Speedster","Solar Blade/Aerial Ace","Moves/Leafeon - Solar Blade.png","Moves/Leafeon - Aerial Ace.png","C-","-0.001","-0.439","42.71","0.17","Battle_Items/Eject Button.png","43.82","46.35","Battle_Items/X Speed.png","41.46","21.35","Battle_Items/X Attack.png","46.67","15.63"
"Leafeon","Pokemon/Leafeon.png","Speedster","Razor Leaf/Aerial Ace","Moves/Leafeon - Razor Leaf.png","Moves/Leafeon - Aerial Ace.png","B-","0.545","0.014","49.64","7.79","Battle_Items/X Attack.png","51.67","71.6","Battle_Items/Eject Button.png","44.82","11.77","Battle_Items/X Speed.png","41.97","7.45"
"Leafeon","Pokemon/Leafeon.png","Speedster","Razor Leaf/Leaf Blade","Moves/Leafeon - Razor Leaf.png","Moves/Leafeon - Leaf Blade.png","D+","-0.095","-0.516","48.17","1.08","Battle_Items/X Speed.png","49.05","30.02","Battle_Items/Eject Button.png","51.45","28.15","Battle_Items/X Attack.png","43.97","22.95"
"Leafeon","Pokemon/Leafeon.png","Speedster","Solar Blade/Leaf Blade","Moves/Leafeon - Solar Blade.png","Moves/Leafeon - Leaf Blade.png","C-","-0.006","-0.443","43.76","0.51","Battle_Items/Eject Button.png","42.92","36.24","Battle_Items/X Speed.png","43.21","27.69","Battle_Items/X Attack.png","49.09","18.8"
"Lucario","Pokemon/Lucario.png","All-Rounder","Power-Up Punch/Bone Rush","Moves/Lucario - Power-Up Punch.png","Moves/Lucario - Bone Rush.png","C","0.184","-0.286","50.12","1.11","Battle_Items/Eject Button.png","50.58","81.11","Battle_Items/Full Heal.png","49.06","8.38","Battle_Items/X Speed.png","44.07","4.66"
"Lucario","Pokemon/Lucario.png","All-Rounder","Power-Up Punch/Close Combat","Moves/Lucario - Power-Up Punch.png","Moves/Lucario - Close Combat.png","D-","-0.492","-0.846","46.29","1.47","Battle_Items/Eject Button.png","46.94","60.72","Battle_Items/X Speed.png","46.56","11.32","Battle_Items/Full Heal.png","48.17","9.82"
"Lucario","Pokemon/Lucario.png","All-Rounder","Extreme Speed/Close Combat","Moves/Lucario - Extreme Speed.png","Moves/Lucario - Close Combat.png","C-","-0.001","-0.439","42.64","0.17","Battle_Items/Eject Button.png","29.79","23.86","Battle_Items/X Speed.png","47.83","23.35","Battle_Items/Full Heal.png","38.89","18.27"
"Lucario","Pokemon/Lucario.png","All-Rounder","Extreme Speed/Bone Rush","Moves/Lucario - Extreme Speed.png","Moves/Lucario - Bone Rush.png","B-","0.594","0.055","50.04","7.2","Battle_Items/Full Heal.png","50.91","86.84","Battle_Items/Eject Button.png","44.21","5.91","Battle_Items/X Speed.png","41.43","2.56"
"Machamp","Pokemon/Machamp.png","All-Rounder","Cross Chop/Submission","Moves/Machamp - Cross Chop.png","Moves/Machamp - Submission.png","S","2.085","1.291","52.88","22.89","Battle_Items/Eject Button.png","53.55","85.69","Battle_Items/X Speed.png","47.68","6.97","Battle_Items/X Attack.png","49.71","3.26"
"Machamp","Pokemon/Machamp.png","All-Rounder","Close Combat/Dynamic Punch","Moves/Machamp - Close Combat.png","Moves/Machamp - Dynamic Punch.png","C+","0.407","-0.1","50.56","2.03","Battle_Items/Eject Button.png","52.33","66.84","Battle_Items/X Speed.png","46.42","12.68","Battle_Items/X Attack.png","48.46","11.26"
"Machamp","Pokemon/Machamp.png","All-Rounder","Cross Chop/Dynamic Punch","Moves/Machamp - Cross Chop.png","Moves/Machamp - Dynamic Punch.png","C-","0.074","-0.377","51.68","0.79","Battle_Items/Eject Button.png","53.29","79.98","Battle_Items/X Attack.png","46.58","8.17","Battle_Items/X Speed.png","42.86","7.05"
"Machamp","Pokemon/Machamp.png","All-Rounder","Close Combat/Submission","Moves/Machamp - Close Combat.png","Moves/Machamp - Submission.png","D-","-0.674","-0.997","45.41","1.63","Battle_Items/Eject Button.png","47.85","46.43","Battle_Items/X Speed.png","48.46","21.08","Battle_Items/Potion.png","39.66","15.68"
"Mamoswine","Pokemon/Mamoswine.png","Defender","Ice Fang/Earthquake","Moves/Mamoswine - Ice Fang.png","Moves/Mamoswine - Earthquake.png","B","0.915","0.32","49.91","13.27","Battle_Items/Eject Button.png","50.54","80.44","Battle_Items/Potion.png","47.98","10.66","Battle_Items/X Speed.png","47.29","7.47"
"Mamoswine","Pokemon/Mamoswine.png","Defender","Icicle Crash/High Horsepower","Moves/Mamoswine - Icicle Crash.png","Moves/Mamoswine - High Horsepower.png","B-","0.664","0.113","51.76","2.17","Battle_Items/Potion.png","52.05","40.43","Battle_Items/Eject Button.png","53.53","30.92","Battle_Items/X Speed.png","50.63","22.46"
"Mamoswine","Pokemon/Mamoswine.png","Defender","Icicle Crash/Earthquake","Moves/Mamoswine - Icicle Crash.png","Moves/Mamoswine - Earthquake.png","C-","0.015","-0.425","54.17","0.59","Battle_Items/Potion.png","55.06","39.73","Battle_Items/Eject Button.png","57.2","36.16","Battle_Items/X Speed.png","47.37","19.79"
"Mamoswine","Pokemon/Mamoswine.png","Defender","Ice Fang/High Horsepower","Moves/Mamoswine - Ice Fang.png","Moves/Mamoswine - High Horsepower.png","D","-0.374","-0.748","46.32","3.82","Battle_Items/Potion.png","45.67","42.54","Battle_Items/Eject Button.png","47.56","29.77","Battle_Items/X Speed.png","45.03","20.86"
"Mega Charizard X","Pokemon/Mega Charizard X.png","All-Rounder","Fire Punch/Flare Blitz","Moves/Mega Charizard X - Fire Punch.png","Moves/Mega Charizard X - Flare Blitz.png","B","0.894","0.303","49.97","12.64","","","","","","","","",""
"Mega Charizard Y","Pokemon/Mega Charizard Y.png","All-Rounder","Flamethrower/Fire Blast","Moves/Mega Charizard Y - Flamethrower.png","Moves/Mega Charizard Y - Fire Blast.png","A","1.419","0.738","52.68","11.88","","","","","","","","",""
"Mega Gyarados","Pokemon/Mega Gyarados.png","All-Rounder","Dragon Breath/Waterfall","Moves/Mega Gyarados - Dragon Breath.png","Moves/Mega Gyarados - Waterfall.png","A-","1.241","0.59","54.42","2.54","","","","","","","","",""
"Mega Lucario","Pokemon/Mega Lucario.png","All-Rounder","Power-Up Punch/Close Combat","Moves/Mega Lucario - Power-Up Punch.png","Moves/Mega Lucario - Close Combat.png","B-","0.58","0.043","49.52","8.83","","","","","","","","",""
"Meowscarada","Pokemon/Meowscarada.png","Speedster","Night Slash/Trailblaze","Moves/Meowscarada - Night Slash.png","Moves/Meowscarada - Trailblaze.png","C","0.294","-0.194","49.8","2.82","Battle_Items/Eject Button.png","51.59","45.24","Battle_Items/X Attack.png","48.59","15.48","Battle_Items/X Speed.png","49.56","14.23"
"Meowscarada","Pokemon/Meowscarada.png","Speedster","Flower Trick/Trailblaze","Moves/Meowscarada - Flower Trick.png","Moves/Meowscarada - Trailblaze.png","C-","-0.001","-0.439","46.88","0.17","Battle_Items/Eject Button.png","43.16","49.48","Battle_Items/Shedinja Doll.png","60.0","23.44","Battle_Items/X Speed.png","33.33","10.94"
"Meowscarada","Pokemon/Meowscarada.png","Speedster","Night Slash/Double Team","Moves/Meowscarada - Night Slash.png","Moves/Meowscarada - Double Team.png","C-","-0.001","-0.439","41.18","0.06","Battle_Items/Eject Button.png","26.32","27.94","Battle_Items/X Speed.png","44.44","26.47","Battle_Items/Potion.png","60.0","22.06"
"Meowscarada","Pokemon/Meowscarada.png","Speedster","Flower Trick/Double Team","Moves/Meowscarada - Flower Trick.png","Moves/Meowscarada - Double Team.png","B-","0.573","0.037","51.39","1.95","Battle_Items/Eject Button.png","51.5","77.79","Battle_Items/Shedinja Doll.png","54.46","9.58","Battle_Items/X Attack.png","50.0","3.51"
"Meowth","Pokemon/Meowth.png","Speedster","Fury Swipes/Feint Attack","Moves/Meowth - Fury Swipes.png","Moves/Meowth - Feint Attack.png","C-","-0.022","-0.456","47.6","5.21","Battle_Items/X Speed.png","47.96","27.33","Battle_Items/Eject Button.png","48.19","25.66","Battle_Items/Full Heal.png","48.28","19.57"
"Meowth","Pokemon/Meowth.png","Speedster","Fury Swipes/Assurance","Moves/Meowth - Fury Swipes.png","Moves/Meowth - Assurance.png","D","-0.321","-0.704","46.43","4.26","Battle_Items/Full Heal.png","45.96","37.58","Battle_Items/Eject Button.png","46.47","27.79","Battle_Items/X Speed.png","48.02","14.63"
"Meowth","Pokemon/Meowth.png","Speedster","Pay Day/Feint Attack","Moves/Meowth - Pay Day.png","Moves/Meowth - Feint Attack.png","D+","-0.145","-0.558","47.88","2.03","Battle_Items/X Speed.png","46.89","32.03","Battle_Items/Potion.png","45.05","23.64","Battle_Items/Eject Button.png","53.18","22.47"
"Meowth","Pokemon/Meowth.png","Speedster","Pay Day/Assurance","Moves/Meowth - Pay Day.png","Moves/Meowth - Assurance.png","C-","-0.004","-0.441","47.03","0.62","Battle_Items/X Speed.png","40.56","25.42","Battle_Items/Eject Button.png","44.24","23.31","Battle_Items/Full Heal.png","56.3","19.07"
"Metagross","Pokemon/Metagross.png","All-Rounder","Gyro Ball/Magnet Rise","Moves/Metagross - Gyro Ball.png","Moves/Metagross - Magnet Rise.png","C-","-0.008","-0.445","48.81","0.96","Battle_Items/X Speed.png","50.77","53.95","Battle_Items/Full Heal.png","45.05","16.73","Battle_Items/Eject Button.png","43.4","14.61"
"Metagross","Pokemon/Metagross.png","All-Rounder","Gyro Ball/Zen Headbutt","Moves/Metagross - Gyro Ball.png","Moves/Metagross - Zen Headbutt.png","C-","-0.001","-0.439","43.78","0.19","Battle_Items/X Speed.png","37.66","35.48","Battle_Items/Eject Button.png","42.22","20.74","Battle_Items/Potion.png","43.59","17.97"
"Metagross","Pokemon/Metagross.png","All-Rounder","Meteor Mash/Zen Headbutt","Moves/Metagross - Meteor Mash.png","Moves/Metagross - Zen Headbutt.png","D+","-0.105","-0.525","48.22","1.21","Battle_Items/X Speed.png","48.37","33.33","Battle_Items/Eject Button.png","45.49","20.12","Battle_Items/Potion.png","49.81","19.39"
"Metagross","Pokemon/Metagross.png","All-Rounder","Meteor Mash/Magnet Rise","Moves/Metagross - Meteor Mash.png","Moves/Metagross - Magnet Rise.png","C-","-0.001","-0.439","48.58","0.31","Battle_Items/X Speed.png","50.68","42.05","Battle_Items/Eject Button.png","45.95","21.02","Battle_Items/Potion.png","47.3","21.02"
"Mew","Pokemon/Mew.png","Attacker","All","['Moves/Mew - Solar Beam.png', 'Moves/Mew - Surf.png', 'Moves/Mew - Electro Ball.png']","['Moves/Mew - Light Screen.png', 'Moves/Mew - Agility.png', 'Moves/Mew - Coaching.png']","B","0.9","0.308","49.64","13.99","Battle_Items/Eject Button.png","50.49","95.47","Battle_Items/X Speed.png","43.11","2.83","Battle_Items/Potion.png","41.31","0.54"
"Mewtwo X","Pokemon/Mewtwo X.png","All-Rounder","Future Sight/Recover","Moves/Mewtwo X - Future Sight.png","Moves/Mewtwo X - Recover.png","D","-0.434","-0.797","46.49","2.14","Battle_Items/Potion.png","48.4","52.77","Battle_Items/X Attack.png","44.87","14.0","Battle_Items/Eject Button.png","41.67","11.33"
"Mewtwo X","Pokemon/Mewtwo X.png","All-Rounder","Psystrike/Teleport","Moves/Mewtwo X - Psystrike.png","Moves/Mewtwo X - Teleport.png","C-","-0.025","-0.458","48.2","0.81","Battle_Items/Potion.png","47.73","45.59","Battle_Items/X Attack.png","41.98","17.63","Battle_Items/Eject Button.png","53.28","14.91"
"Mewtwo X","Pokemon/Mewtwo X.png","All-Rounder","Future Sight/Teleport","Moves/Mewtwo X - Future Sight.png","Moves/Mewtwo X - Teleport.png","C-","0.027","-0.416","49.0","1.18","Battle_Items/Potion.png","47.15","54.64","Battle_Items/Full Heal.png","52.36","15.74","Battle_Items/Eject Button.png","52.51","13.29"
"Mewtwo X","Pokemon/Mewtwo X.png","All-Rounder","Psystrike/Recover","Moves/Mewtwo X - Psystrike.png","Moves/Mewtwo X - Recover.png","C-","-0.01","-0.446","48.56","0.77","Battle_Items/Potion.png","47.56","63.49","Battle_Items/Eject Button.png","47.87","10.79","Battle_Items/X Speed.png","46.84","9.07"
"Mewtwo Y","Pokemon/Mewtwo Y.png","Attacker","Future Sight/Teleport","Moves/Mewtwo Y - Future Sight.png","Moves/Mewtwo Y - Teleport.png","C-","0.035","-0.409","49.89","0.83","Battle_Items/X Attack.png","51.18","81.28","Battle_Items/Eject Button.png","37.37","10.53","Battle_Items/X Speed.png","57.14","3.72"
"Mewtwo Y","Pokemon/Mewtwo Y.png","Attacker","Future Sight/Recover","Moves/Mewtwo Y - Future Sight.png","Moves/Mewtwo Y - Recover.png","C-","0.013","-0.427","49.94","0.72","Battle_Items/X Attack.png","49.49","59.61","Battle_Items/Eject Button.png","53.99","19.95","Battle_Items/X Speed.png","50.63","9.67"
"Mewtwo Y","Pokemon/Mewtwo Y.png","Attacker","Psystrike/Recover","Moves/Mewtwo Y - Psystrike.png","Moves/Mewtwo Y - Recover.png","C-","-0.001","-0.439","49.19","0.33","Battle_Items/X Attack.png","39.52","33.33","Battle_Items/X Speed.png","54.37","27.69","Battle_Items/Potion.png","56.32","23.39"
"Mewtwo Y","Pokemon/Mewtwo Y.png","Attacker","Psystrike/Teleport","Moves/Mewtwo Y - Psystrike.png","Moves/Mewtwo Y - Teleport.png","C","0.217","-0.258","49.4","2.93","Battle_Items/X Attack.png","49.96","79.53","Battle_Items/Eject Button.png","50.75","12.06","Battle_Items/X Speed.png","39.02","3.69"
"Mimikyu","Pokemon/Mimikyu.png","All-Rounder","Shadow Claw/Shadow Sneak","Moves/Mimikyu - Shadow Claw.png","Moves/Mimikyu - Shadow Sneak.png","D+","-0.087","-0.51","47.68","3.83","Battle_Items/Full Heal.png","50.65","44.4","Battle_Items/Eject Button.png","46.77","24.14","Battle_Items/X Speed.png","43.77","15.47"
"Mimikyu","Pokemon/Mimikyu.png","All-Rounder","Play Rough/Shadow Sneak","Moves/Mimikyu - Play Rough.png","Moves/Mimikyu - Shadow Sneak.png","B","0.735","0.171","49.98","9.82","Battle_Items/Eject Button.png","50.58","31.0","Battle_Items/X Attack.png","50.3","26.66","Battle_Items/Full Heal.png","50.28","17.75"
"Mimikyu","Pokemon/Mimikyu.png","All-Rounder","Play Rough/Trick Room","Moves/Mimikyu - Play Rough.png","Moves/Mimikyu - Trick Room.png","C-","0.002","-0.436","43.19","0.05","","","","","","","","",""
"Mimikyu","Pokemon/Mimikyu.png","All-Rounder","Shadow Claw/Trick Room","Moves/Mimikyu - Shadow Claw.png","Moves/Mimikyu - Trick Room.png","B-","0.66","0.109","51.45","3.15","Battle_Items/Full Heal.png","52.51","87.77","Battle_Items/Eject Button.png","44.76","5.86","Battle_Items/X Attack.png","47.52","2.82"
"Miraidon","Pokemon/Miraidon.png","Attacker","Electro Drift/Parabolic Charge","Moves/Miraidon - Electro Drift.png","Moves/Miraidon - Parabolic Charge.png","C-","0.044","-0.401","49.75","0.88","Battle_Items/Eject Button.png","48.95","38.11","Battle_Items/Full Heal.png","49.5","30.19","Battle_Items/Potion.png","52.74","23.77"
"Miraidon","Pokemon/Miraidon.png","Attacker","Charge Beam/Thunder","Moves/Miraidon - Charge Beam.png","Moves/Miraidon - Thunder.png","C","0.169","-0.298","49.26","2.6","Battle_Items/Eject Button.png","49.9","80.62","Battle_Items/X Speed.png","46.74","14.55","Battle_Items/Potion.png","50.91","1.86"
"Miraidon","Pokemon/Miraidon.png","Attacker","Electro Drift/Thunder","Moves/Miraidon - Electro Drift.png","Moves/Miraidon - Thunder.png","C-","-0.001","-0.439","47.84","0.02","","","","","","","","",""
"Miraidon","Pokemon/Miraidon.png","Attacker","Charge Beam/Parabolic Charge","Moves/Miraidon - Charge Beam.png","Moves/Miraidon - Parabolic Charge.png","C-","-0.001","-0.439","43.18","0.08","Battle_Items/Eject Button.png","43.4","60.23","Battle_Items/X Speed.png","45.0","22.73","Battle_Items/X Attack.png","60.0","5.68"
"Moltres","Pokemon/Moltres.png","All-Rounder","Sky Attack/Heat Wave","Moves/Moltres - Sky Attack.png","Moves/Moltres - Heat Wave.png","B+","0.963","0.361","47.46","22.95","Battle_Items/Full Heal.png","48.3","32.02","Battle_Items/Potion.png","47.52","31.83","Battle_Items/Eject Button.png","46.33","15.97"
"Mr. Mime","Pokemon/Mr. Mime.png","Supporter","Psychic/Barrier","Moves/Mr. Mime - Psychic.png","Moves/Mr. Mime - Barrier.png","C-","-0.001","-0.439","35.01","0.04","","","","","","","","",""
"Mr. Mime","Pokemon/Mr. Mime.png","Supporter","Psychic/Power Swap","Moves/Mr. Mime - Psychic.png","Moves/Mr. Mime - Power Swap.png","C","0.277","-0.208","50.89","1.09","Battle_Items/X Speed.png","49.23","47.57","Battle_Items/Potion.png","52.63","30.79","Battle_Items/Eject Button.png","53.72","15.24"
"Mr. Mime","Pokemon/Mr. Mime.png","Supporter","Confusion/Power Swap","Moves/Mr. Mime - Confusion.png","Moves/Mr. Mime - Power Swap.png","C-","0.006","-0.433","51.34","0.59","Battle_Items/X Speed.png","55.16","46.27","Battle_Items/Potion.png","45.85","30.6","Battle_Items/Eject Button.png","50.0","12.84"
"Mr. Mime","Pokemon/Mr. Mime.png","Supporter","Confusion/Barrier","Moves/Mr. Mime - Confusion.png","Moves/Mr. Mime - Barrier.png","B","0.77","0.2","51.08","6.47","Battle_Items/X Speed.png","50.13","57.96","Battle_Items/Eject Button.png","53.96","31.23","Battle_Items/Potion.png","48.15","8.1"
"Pawmot","Pokemon/Pawmot.png","All-Rounder","Thunder Punch/Volt Switch","Moves/Pawmot - Thunder Punch.png","Moves/Pawmot - Volt Switch.png","C-","-0.0","-0.438","49.83","0.51","Battle_Items/Full Heal.png","52.15","32.07","Battle_Items/Eject Button.png","50.43","19.83","Battle_Items/X Attack.png","47.96","16.9"
"Pawmot","Pokemon/Pawmot.png","All-Rounder","Supercell Slam/Volt Switch","Moves/Pawmot - Supercell Slam.png","Moves/Pawmot - Volt Switch.png","B","0.766","0.197","51.67","4.25","Battle_Items/Full Heal.png","52.72","63.5","Battle_Items/Eject Button.png","50.52","11.84","Battle_Items/X Attack.png","50.0","8.73"
"Pawmot","Pokemon/Pawmot.png","All-Rounder","Supercell Slam/Mach Punch","Moves/Pawmot - Supercell Slam.png","Moves/Pawmot - Mach Punch.png","C","0.251","-0.23","49.84","1.95","Battle_Items/Full Heal.png","53.38","38.74","Battle_Items/Eject Button.png","50.0","22.48","Battle_Items/Potion.png","45.56","15.76"
"Pawmot","Pokemon/Pawmot.png","All-Rounder","Thunder Punch/Mach Punch","Moves/Pawmot - Thunder Punch.png","Moves/Pawmot - Mach Punch.png","C-","-0.001","-0.439","45.79","0.31","Battle_Items/Potion.png","42.42","27.81","Battle_Items/X Speed.png","46.58","20.51","Battle_Items/Eject Button.png","38.57","19.66"
"Pikachu","Pokemon/Pikachu.png","Attacker","Electro Ball/Thunderbolt","Moves/Pikachu - Electro Ball.png","Moves/Pikachu - Thunderbolt.png","C-","-0.001","-0.438","42.18","0.24","Battle_Items/Eject Button.png","36.44","42.91","Battle_Items/X Speed.png","50.0","37.09","Battle_Items/Potion.png","41.18","12.36"
"Pikachu","Pokemon/Pikachu.png","Attacker","Electro Ball/Volt Tackle","Moves/Pikachu - Electro Ball.png","Moves/Pikachu - Volt Tackle.png","C+","0.407","-0.101","48.44","9.74","Battle_Items/Eject Button.png","48.79","47.77","Battle_Items/X Speed.png","48.49","35.07","Battle_Items/Potion.png","48.56","8.48"
"Pikachu","Pokemon/Pikachu.png","Attacker","Thunder/Volt Tackle","Moves/Pikachu - Thunder.png","Moves/Pikachu - Volt Tackle.png","C-","0.107","-0.349","48.95","2.64","Battle_Items/Eject Button.png","50.71","44.36","Battle_Items/X Speed.png","47.96","36.71","Battle_Items/Potion.png","48.36","10.12"
"Pikachu","Pokemon/Pikachu.png","Attacker","Thunder/Thunderbolt","Moves/Pikachu - Thunder.png","Moves/Pikachu - Thunderbolt.png","C","0.126","-0.333","49.17","2.18","Battle_Items/Eject Button.png","50.76","53.24","Battle_Items/X Speed.png","48.44","32.18","Battle_Items/Potion.png","45.03","6.89"
"Psyduck","Pokemon/Psyduck.png","Supporter","Surf/Psychic","Moves/Psyduck - Surf.png","Moves/Psyduck - Psychic.png","B-","0.687","0.132","52.32","1.38","Battle_Items/Potion.png","53.29","66.69","Battle_Items/X Speed.png","50.92","20.72","Battle_Items/Eject Button.png","46.91","10.3"
"Psyduck","Pokemon/Psyduck.png","Supporter","Surf/Disable","Moves/Psyduck - Surf.png","Moves/Psyduck - Disable.png","B+","1.081","0.458","53.95","1.7","Battle_Items/Potion.png","55.47","71.37","Battle_Items/X Speed.png","47.18","18.29","Battle_Items/Eject Button.png","54.9","7.91"
"Psyduck","Pokemon/Psyduck.png","Supporter","Bubble Beam/Disable","Moves/Psyduck - Bubble Beam.png","Moves/Psyduck - Disable.png","B","0.871","0.284","51.86","5.37","Battle_Items/Potion.png","52.13","61.46","Battle_Items/X Speed.png","51.12","27.79","Battle_Items/Eject Button.png","51.9","9.46"
"Psyduck","Pokemon/Psyduck.png","Supporter","Bubble Beam/Psychic","Moves/Psyduck - Bubble Beam.png","Moves/Psyduck - Psychic.png","B","0.804","0.229","50.5","9.16","Battle_Items/Potion.png","51.72","68.22","Battle_Items/X Speed.png","49.1","22.45","Battle_Items/Eject Button.png","44.96","8.28"
"Sableye","Pokemon/Sableye.png","Supporter","Shadow Sneak/Confuse Ray","Moves/Sableye - Shadow Sneak.png","Moves/Sableye - Confuse Ray.png","C-","-0.039","-0.47","46.66","0.74","Battle_Items/X Speed.png","47.61","69.93","Battle_Items/Goal Getter.png","42.14","16.71","Battle_Items/Eject Button.png","43.1","6.92"
"Sableye","Pokemon/Sableye.png","Supporter","Shadow Sneak/Feint Attack","Moves/Sableye - Shadow Sneak.png","Moves/Sableye - Feint Attack.png","C-","-0.001","-0.438","48.63","0.26","Battle_Items/X Speed.png","49.7","57.88","Battle_Items/Goal Getter.png","29.79","16.1","Battle_Items/Potion.png","68.57","11.99"
"Sableye","Pokemon/Sableye.png","Supporter","Knock Off/Confuse Ray","Moves/Sableye - Knock Off.png","Moves/Sableye - Confuse Ray.png","D+","-0.237","-0.634","47.16","3.16","Battle_Items/X Speed.png","47.16","75.99","Battle_Items/Goal Getter.png","46.48","15.8","Battle_Items/Eject Button.png","49.72","5.04"
"Sableye","Pokemon/Sableye.png","Supporter","Knock Off/Feint Attack","Moves/Sableye - Knock Off.png","Moves/Sableye - Feint Attack.png","D-","-0.678","-1.0","45.37","1.89","Battle_Items/X Speed.png","46.28","65.66","Battle_Items/Goal Getter.png","41.25","24.48","Battle_Items/Eject Button.png","53.24","6.47"
"Scizor","Pokemon/Scizor.png","All-Rounder","Bullet Punch/Swords Dance","Moves/Scizor - Bullet Punch.png","Moves/Scizor - Swords Dance.png","C+","0.396","-0.109","49.44","5.91","Battle_Items/Potion.png","49.02","38.52","Battle_Items/Full Heal.png","51.27","24.0","Battle_Items/X Speed.png","48.85","13.55"
"Scizor","Pokemon/Scizor.png","All-Rounder","Bullet Punch/Double Hit","Moves/Scizor - Bullet Punch.png","Moves/Scizor - Double Hit.png","C+","0.357","-0.142","49.63","4.53","Battle_Items/Potion.png","51.11","49.79","Battle_Items/Full Heal.png","49.62","17.76","Battle_Items/X Speed.png","48.96","13.04"
"Scyther","Pokemon/Scyther.png","Speedster","Dual Wingbeat/Double Hit","Moves/Scyther - Dual Wingbeat.png","Moves/Scyther - Double Hit.png","D+","-0.142","-0.555","47.5","3.58","Battle_Items/Full Heal.png","49.36","74.41","Battle_Items/Eject Button.png","43.23","8.51","Battle_Items/Potion.png","43.08","6.38"
"Scyther","Pokemon/Scyther.png","Speedster","Dual Wingbeat/Swords Dance","Moves/Scyther - Dual Wingbeat.png","Moves/Scyther - Swords Dance.png","C-","-0.065","-0.492","48.44","1.16","Battle_Items/Full Heal.png","49.07","93.91","Battle_Items/Eject Button.png","38.46","1.98","Battle_Items/Potion.png","21.74","1.75"
"Sirfetch'd","Pokemon/Sirfetch'd.png","All-Rounder","Fury Cutter/Detect","Moves/Sirfetch'd - Fury Cutter.png","Moves/Sirfetch'd - Detect.png","C+","0.426","-0.085","50.04","4.15","Battle_Items/Eject Button.png","49.87","32.24","Battle_Items/Full Heal.png","50.14","22.8","Battle_Items/X Speed.png","49.2","21.17"
"Sirfetch'd","Pokemon/Sirfetch'd.png","All-Rounder","Fury Cutter/Brutal Swing","Moves/Sirfetch'd - Fury Cutter.png","Moves/Sirfetch'd - Brutal Swing.png","C-","-0.007","-0.444","47.59","0.67","Battle_Items/Eject Button.png","49.36","30.64","Battle_Items/X Speed.png","47.89","27.77","Battle_Items/Potion.png","46.26","19.17"
"Sirfetch'd","Pokemon/Sirfetch'd.png","All-Rounder","Leaf Blade/Detect","Moves/Sirfetch'd - Leaf Blade.png","Moves/Sirfetch'd - Detect.png","A","1.445","0.759","53.62","8.91","Battle_Items/Full Heal.png","55.59","37.69","Battle_Items/Potion.png","54.22","28.14","Battle_Items/Eject Button.png","50.48","23.43"
"Sirfetch'd","Pokemon/Sirfetch'd.png","All-Rounder","Leaf Blade/Brutal Swing","Moves/Sirfetch'd - Leaf Blade.png","Moves/Sirfetch'd - Brutal Swing.png","C-","0.005","-0.434","38.89","0.08","","","","","","","","",""
"Slowbro","Pokemon/Slowbro.png","Defender","Scald/Telekinesis","Moves/Slowbro - Scald.png","Moves/Slowbro - Telekinesis.png","D-","-0.596","-0.932","45.77","1.86","Battle_Items/Eject Button.png","48.12","40.19","Battle_Items/Potion.png","43.5","35.98","Battle_Items/X Speed.png","43.54","21.61"
"Slowbro","Pokemon/Slowbro.png","Defender","Scald/Amnesia","Moves/Slowbro - Scald.png","Moves/Slowbro - Amnesia.png","C-","0.095","-0.359","48.76","3.12","Battle_Items/Potion.png","48.5","44.23","Battle_Items/Eject Button.png","49.95","31.28","Battle_Items/X Speed.png","48.09","22.07"
"Slowbro","Pokemon/Slowbro.png","Defender","Surf/Amnesia","Moves/Slowbro - Surf.png","Moves/Slowbro - Amnesia.png","B-","0.564","0.03","50.78","3.97","Battle_Items/Potion.png","50.59","50.31","Battle_Items/Eject Button.png","50.98","30.37","Battle_Items/X Speed.png","50.44","17.79"
"Slowbro","Pokemon/Slowbro.png","Defender","Surf/Telekinesis","Moves/Slowbro - Surf.png","Moves/Slowbro - Telekinesis.png","C+","0.477","-0.043","49.02","8.85","Battle_Items/Eject Button.png","48.86","44.38","Battle_Items/Potion.png","50.36","35.52","Battle_Items/X Speed.png","46.98","17.57"
"Snorlax","Pokemon/Snorlax.png","Defender","Flail/Yawn","Moves/Snorlax - Flail.png","Moves/Snorlax - Yawn.png","C-","-0.016","-0.451","47.86","0.72","Battle_Items/X Speed.png","51.12","38.31","Battle_Items/Potion.png","44.79","35.25","Battle_Items/Eject Button.png","43.97","14.2"
"Snorlax","Pokemon/Snorlax.png","Defender","Heavy Slam/Yawn","Moves/Snorlax - Heavy Slam.png","Moves/Snorlax - Yawn.png","C","0.289","-0.198","49.69","3.13","Battle_Items/Eject Button.png","49.27","85.18","Battle_Items/X Speed.png","52.68","12.04","Battle_Items/Potion.png","52.38","2.36"
"Snorlax","Pokemon/Snorlax.png","Defender","Flail/Block","Moves/Snorlax - Flail.png","Moves/Snorlax - Block.png","B-","0.595","0.055","51.12","3.27","Battle_Items/X Speed.png","51.63","53.56","Battle_Items/Potion.png","51.49","30.74","Battle_Items/Eject Button.png","49.54","8.79"
"Snorlax","Pokemon/Snorlax.png","Defender","Heavy Slam/Block","Moves/Snorlax - Heavy Slam.png","Moves/Snorlax - Block.png","C","0.307","-0.184","48.31","8.47","Battle_Items/X Speed.png","49.01","45.94","Battle_Items/Eject Button.png","48.11","43.34","Battle_Items/Potion.png","46.24","9.25"
"Suicune","Pokemon/Suicune.png","All-Rounder","Whirlpool/Icy Wind","Moves/Suicune - Whirlpool.png","Moves/Suicune - Icy Wind.png","C-","0.002","-0.436","50.54","0.19","","","","","","","","",""
"Suicune","Pokemon/Suicune.png","All-Rounder","Surf/Icy Wind","Moves/Suicune - Surf.png","Moves/Suicune - Icy Wind.png","B-","0.558","0.025","51.07","2.75","Battle_Items/Eject Button.png","52.21","46.89","Battle_Items/X Speed.png","49.43","33.83","Battle_Items/Potion.png","52.89","14.36"
"Suicune","Pokemon/Suicune.png","All-Rounder","Whirlpool/Ice Beam","Moves/Suicune - Whirlpool.png","Moves/Suicune - Ice Beam.png","A","1.477","0.786","51.1","18.7","Battle_Items/Eject Button.png","51.63","76.37","Battle_Items/X Speed.png","49.06","16.78","Battle_Items/Potion.png","49.34","4.96"
"Suicune","Pokemon/Suicune.png","All-Rounder","Surf/Ice Beam","Moves/Suicune - Surf.png","Moves/Suicune - Ice Beam.png","C-","-0.01","-0.446","44.58","0.58","Battle_Items/Eject Button.png","44.92","38.55","Battle_Items/X Speed.png","45.0","36.14","Battle_Items/Potion.png","44.29","21.08"
"Sylveon","Pokemon/Sylveon.png","Attacker","Mystical Fire/Calm Mind","Moves/Sylveon - Mystical Fire.png","Moves/Sylveon - Calm Mind.png","C-","-0.001","-0.439","48.15","0.12","Battle_Items/Eject Button.png","37.5","35.56","Battle_Items/Potion.png","51.35","27.41","Battle_Items/X Speed.png","60.0","25.93"
"Sylveon","Pokemon/Sylveon.png","Attacker","Mystical Fire/Draining Kiss","Moves/Sylveon - Mystical Fire.png","Moves/Sylveon - Draining Kiss.png","D","-0.303","-0.689","46.59","4.08","Battle_Items/Potion.png","46.53","37.9","Battle_Items/X Speed.png","47.63","36.44","Battle_Items/Eject Button.png","46.21","17.36"
"Sylveon","Pokemon/Sylveon.png","Attacker","Hyper Voice/Calm Mind","Moves/Sylveon - Hyper Voice.png","Moves/Sylveon - Calm Mind.png","C-","0.004","-0.435","49.19","0.76","Battle_Items/X Speed.png","52.1","74.77","Battle_Items/Eject Button.png","40.83","13.95","Battle_Items/Potion.png","37.74","6.16"
"Sylveon","Pokemon/Sylveon.png","Attacker","Hyper Voice/Draining Kiss","Moves/Sylveon - Hyper Voice.png","Moves/Sylveon - Draining Kiss.png","C-","-0.001","-0.439","46.09","0.23","Battle_Items/X Speed.png","41.01","54.3","Battle_Items/Potion.png","41.94","24.22","Battle_Items/Eject Button.png","58.54","16.02"
"Talonflame","Pokemon/Talonflame.png","Speedster","Flame Charge/Fly","Moves/Talonflame - Flame Charge.png","Moves/Talonflame - Fly.png","B","0.783","0.211","49.73","11.61","Battle_Items/Eject Button.png","50.7","72.06","Battle_Items/X Speed.png","48.17","9.7","Battle_Items/Goal Getter.png","46.69","7.22"
"Talonflame","Pokemon/Talonflame.png","Speedster","Aerial Ace/Brave Bird","Moves/Talonflame - Aerial Ace.png","Moves/Talonflame - Brave Bird.png","C+","0.331","-0.164","49.32","5.21","Battle_Items/Eject Button.png","48.96","51.93","Battle_Items/X Attack.png","50.62","20.38","Battle_Items/X Speed.png","47.35","9.56"
"Talonflame","Pokemon/Talonflame.png","Speedster","Aerial Ace/Fly","Moves/Talonflame - Aerial Ace.png","Moves/Talonflame - Fly.png","D-","-0.523","-0.871","46.15","1.53","Battle_Items/Eject Button.png","48.64","42.3","Battle_Items/X Speed.png","43.43","18.79","Battle_Items/Potion.png","44.22","16.9"
"Talonflame","Pokemon/Talonflame.png","Speedster","Flame Charge/Brave Bird","Moves/Talonflame - Flame Charge.png","Moves/Talonflame - Brave Bird.png","C-","-0.001","-0.438","43.9","0.25","Battle_Items/Eject Button.png","44.12","35.54","Battle_Items/X Speed.png","49.06","18.47","Battle_Items/Goal Getter.png","48.0","17.42"
"Tinkaton","Pokemon/Tinkaton.png","All-Rounder","Gigaton Hammer/Thief","Moves/Tinkaton - Gigaton Hammer.png","Moves/Tinkaton - Thief.png","C-","-0.031","-0.464","48.61","1.02","Battle_Items/Eject Button.png","48.36","63.43","Battle_Items/Potion.png","52.51","18.98","Battle_Items/X Speed.png","45.63","13.86"
"Tinkaton","Pokemon/Tinkaton.png","All-Rounder","Gigaton Hammer/Ice Hammer","Moves/Tinkaton - Gigaton Hammer.png","Moves/Tinkaton - Ice Hammer.png","C-","-0.001","-0.439","40.72","0.34","Battle_Items/Eject Button.png","37.89","58.51","Battle_Items/X Speed.png","48.65","19.07","Battle_Items/Potion.png","38.46","16.75"
"Tinkaton","Pokemon/Tinkaton.png","All-Rounder","Smack Down/Ice Hammer","Moves/Tinkaton - Smack Down.png","Moves/Tinkaton - Ice Hammer.png","C-","-0.001","-0.439","51.76","0.25","Battle_Items/X Speed.png","52.17","32.39","Battle_Items/Eject Button.png","50.0","28.17","Battle_Items/Potion.png","48.15","19.01"
"Tinkaton","Pokemon/Tinkaton.png","All-Rounder","Smack Down/Thief","Moves/Tinkaton - Smack Down.png","Moves/Tinkaton - Thief.png","C-","-0.001","-0.439","37.24","0.21","Battle_Items/Eject Button.png","40.26","32.22","Battle_Items/X Speed.png","38.16","31.8","Battle_Items/Potion.png","32.76","24.27"
"Trevenant","Pokemon/Trevenant.png","Defender","Wood Hammer/Pain Split","Moves/Trevenant - Wood Hammer.png","Moves/Trevenant - Pain Split.png","C-","-0.001","-0.439","44.35","0.32","Battle_Items/Potion.png","44.79","52.89","Battle_Items/X Speed.png","44.23","28.65","Battle_Items/Eject Button.png","51.35","10.19"
"Trevenant","Pokemon/Trevenant.png","Defender","Curse/Pain Split","Moves/Trevenant - Curse.png","Moves/Trevenant - Pain Split.png","C","0.212","-0.262","49.34","3.07","Battle_Items/Potion.png","48.14","47.74","Battle_Items/X Speed.png","51.47","44.76","Battle_Items/Eject Button.png","48.0","5.01"
"Trevenant","Pokemon/Trevenant.png","Defender","Curse/Horn Leech","Moves/Trevenant - Curse.png","Moves/Trevenant - Horn Leech.png","C","0.307","-0.184","49.3","4.86","Battle_Items/X Speed.png","49.28","44.0","Battle_Items/Potion.png","49.25","32.54","Battle_Items/Eject Button.png","49.67","21.85"
"Trevenant","Pokemon/Trevenant.png","Defender","Wood Hammer/Horn Leech","Moves/Trevenant - Wood Hammer.png","Moves/Trevenant - Horn Leech.png","C","0.2","-0.272","49.2","3.36","Battle_Items/Eject Button.png","51.88","57.05","Battle_Items/Potion.png","45.75","20.94","Battle_Items/X Speed.png","45.86","19.92"
"Tsareena","Pokemon/Tsareena.png","All-Rounder","Stomp/Trop Kick","Moves/Tsareena - Stomp.png","Moves/Tsareena - Trop Kick.png","B-","0.698","0.14","51.24","4.63","Battle_Items/Full Heal.png","51.24","81.44","Battle_Items/X Attack.png","54.32","8.57","Battle_Items/Eject Button.png","52.54","4.48"
"Tsareena","Pokemon/Tsareena.png","All-Rounder","Stomp/Grassy Glide","Moves/Tsareena - Stomp.png","Moves/Tsareena - Grassy Glide.png","C-","-0.028","-0.461","48.65","1.34","Battle_Items/Full Heal.png","49.8","81.2","Battle_Items/X Attack.png","50.0","10.39","Battle_Items/Eject Button.png","34.62","3.42"
"Tsareena","Pokemon/Tsareena.png","All-Rounder","Triple Axel/Trop Kick","Moves/Tsareena - Triple Axel.png","Moves/Tsareena - Trop Kick.png","C-","-0.057","-0.485","48.48","1.13","Battle_Items/Full Heal.png","50.95","48.95","Battle_Items/X Attack.png","50.39","19.89","Battle_Items/Potion.png","42.96","10.49"
"Tsareena","Pokemon/Tsareena.png","All-Rounder","Triple Axel/Grassy Glide","Moves/Tsareena - Triple Axel.png","Moves/Tsareena - Grassy Glide.png","C-","-0.03","-0.463","47.96","0.8","Battle_Items/Full Heal.png","49.46","80.97","Battle_Items/X Attack.png","44.12","7.48","Battle_Items/X Speed.png","37.21","4.73"
"Tyranitar","Pokemon/Tyranitar.png","All-Rounder","Dark Pulse/Ancient Power","Moves/Tyranitar - Dark Pulse.png","Moves/Tyranitar - Ancient Power.png","C-","0.116","-0.342","49.28","1.64","Battle_Items/X Speed.png","50.45","47.24","Battle_Items/Full Heal.png","48.6","19.22","Battle_Items/Potion.png","48.34","16.21"
"Tyranitar","Pokemon/Tyranitar.png","All-Rounder","Stone Edge/Sand Tomb","Moves/Tyranitar - Stone Edge.png","Moves/Tyranitar - Sand Tomb.png","C-","0.029","-0.414","50.78","0.74","Battle_Items/Full Heal.png","50.0","28.91","Battle_Items/Potion.png","49.29","25.21","Battle_Items/X Speed.png","53.21","18.64"
"Tyranitar","Pokemon/Tyranitar.png","All-Rounder","Dark Pulse/Sand Tomb","Moves/Tyranitar - Dark Pulse.png","Moves/Tyranitar - Sand Tomb.png","C-","-0.001","-0.439","48.03","0.31","Battle_Items/Eject Button.png","46.67","25.28","Battle_Items/Potion.png","47.73","24.72","Battle_Items/Full Heal.png","51.25","22.47"
"Tyranitar","Pokemon/Tyranitar.png","All-Rounder","Stone Edge/Ancient Power","Moves/Tyranitar - Stone Edge.png","Moves/Tyranitar - Ancient Power.png","C-","-0.001","-0.439","28.33","0.05","Battle_Items/X Speed.png","28.57","35.0","Battle_Items/Potion.png","33.33","20.0","Battle_Items/Eject Button.png","9.09","18.33"
"Umbreon","Pokemon/Umbreon.png","Defender","Foul Play/Snarl","Moves/Umbreon - Foul Play.png","Moves/Umbreon - Snarl.png","C+","0.522","-0.005","49.79","6.83","Battle_Items/X Speed.png","50.36","82.73","Battle_Items/Eject Button.png","46.52","10.73","Battle_Items/Potion.png","49.23","5.85"
"Umbreon","Pokemon/Umbreon.png","Defender","Mean Look/Wish","Moves/Umbreon - Mean Look.png","Moves/Umbreon - Wish.png","C+","0.401","-0.105","48.13","10.77","Battle_Items/X Speed.png","48.55","63.49","Battle_Items/Potion.png","45.93","18.04","Battle_Items/Eject Button.png","50.29","15.66"
"Umbreon","Pokemon/Umbreon.png","Defender","Mean Look/Snarl","Moves/Umbreon - Mean Look.png","Moves/Umbreon - Snarl.png","C-","0.048","-0.398","48.9","1.8","Battle_Items/X Speed.png","49.29","68.45","Battle_Items/Eject Button.png","49.84","15.55","Battle_Items/Potion.png","46.77","12.82"
"Umbreon","Pokemon/Umbreon.png","Defender","Foul Play/Wish","Moves/Umbreon - Foul Play.png","Moves/Umbreon - Wish.png","D","-0.32","-0.703","47.11","1.34","Battle_Items/X Speed.png","48.22","71.98","Battle_Items/Potion.png","45.22","15.09","Battle_Items/Eject Button.png","45.29","11.15"
"Urshifu","Pokemon/Urshifu_Single.png","All-Rounder","Wicked Blow/Throat Chop","Moves/Urshifu - Wicked Blow.png","Moves/Urshifu - Throat Chop.png","C-","-0.028","-0.461","48.6","0.97","Battle_Items/Eject Button.png","49.29","69.7","Battle_Items/Full Heal.png","51.05","12.89","Battle_Items/X Speed.png","46.3","9.74"
"Urshifu","Pokemon/Urshifu_Rapid.png","All-Rounder","Surging Strikes/Liquidation","Moves/Urshifu - Surging Strikes.png","Moves/Urshifu - Liquidation.png","B","0.731","0.168","51.68","3.62","Battle_Items/Full Heal.png","53.44","87.15","Battle_Items/Eject Button.png","36.63","4.18","Battle_Items/Potion.png","40.0","3.28"
"Vaporeon","Pokemon/Vaporeon.png","Defender","Hydro Pump/Aqua Ring","Moves/Vaporeon - Hydro Pump.png","Moves/Vaporeon - Aqua Ring.png","B-","0.686","0.131","49.62","10.32","Battle_Items/X Speed.png","49.72","71.11","Battle_Items/Potion.png","47.34","14.08","Battle_Items/Eject Button.png","51.89","13.78"
"Vaporeon","Pokemon/Vaporeon.png","Defender","Muddy Water/Aqua Ring","Moves/Vaporeon - Muddy Water.png","Moves/Vaporeon - Aqua Ring.png","B","0.779","0.208","50.89","7.31","Battle_Items/X Speed.png","51.53","59.66","Battle_Items/Potion.png","49.58","23.05","Battle_Items/Eject Button.png","51.15","15.63"
"Vaporeon","Pokemon/Vaporeon.png","Defender","Hydro Pump/Flip Turn","Moves/Vaporeon - Hydro Pump.png","Moves/Vaporeon - Flip Turn.png","C","0.217","-0.258","49.28","3.35","Battle_Items/X Speed.png","48.39","66.01","Battle_Items/Potion.png","49.04","20.54","Battle_Items/Eject Button.png","53.6","11.3"
"Vaporeon","Pokemon/Vaporeon.png","Defender","Muddy Water/Flip Turn","Moves/Vaporeon - Muddy Water.png","Moves/Vaporeon - Flip Turn.png","C","0.273","-0.212","49.56","3.32","Battle_Items/X Speed.png","50.08","49.01","Battle_Items/Potion.png","49.3","30.11","Battle_Items/Eject Button.png","49.19","18.1"
"Venusaur","Pokemon/Venusaur.png","Attacker","Sludge Bomb/Solar Beam","Moves/Venusaur - Sludge Bomb.png","Moves/Venusaur - Solar Beam.png","A-","1.274","0.618","49.9","19.57","Battle_Items/Eject Button.png","50.96","65.08","Battle_Items/X Speed.png","48.14","23.73","Battle_Items/Potion.png","46.65","5.96"
"Venusaur","Pokemon/Venusaur.png","Attacker","Giga Drain/Petal Dance","Moves/Venusaur - Giga Drain.png","Moves/Venusaur - Petal Dance.png","D","-0.465","-0.823","46.36","2.05","Battle_Items/Potion.png","44.99","28.66","Battle_Items/Full Heal.png","51.99","25.79","Battle_Items/Eject Button.png","43.51","20.78"
"Venusaur","Pokemon/Venusaur.png","Attacker","Giga Drain/Solar Beam","Moves/Venusaur - Giga Drain.png","Moves/Venusaur - Solar Beam.png","D+","-0.085","-0.508","48.29","1.13","Battle_Items/Eject Button.png","48.21","82.87","Battle_Items/X Speed.png","43.56","7.87","Battle_Items/Potion.png","57.14","4.36"
"Venusaur","Pokemon/Venusaur.png","Attacker","Sludge Bomb/Petal Dance","Moves/Venusaur - Sludge Bomb.png","Moves/Venusaur - Petal Dance.png","C-","-0.0","-0.438","47.69","0.25","Battle_Items/Eject Button.png","46.77","44.13","Battle_Items/Potion.png","51.43","24.91","Battle_Items/X Speed.png","40.91","15.66"
"Wigglytuff","Pokemon/Wigglytuff.png","Supporter","Double Slap/Sing","Moves/Wigglytuff - Double Slap.png","Moves/Wigglytuff - Sing.png","C","0.279","-0.207","49.19","4.77","Battle_Items/X Speed.png","49.19","50.92","Battle_Items/Potion.png","48.0","23.92","Battle_Items/Slow Smoke.png","48.97","12.53"
"Wigglytuff","Pokemon/Wigglytuff.png","Supporter","Dazzling Gleam/Sing","Moves/Wigglytuff - Dazzling Gleam.png","Moves/Wigglytuff - Sing.png","C-","0.116","-0.341","49.18","1.98","Battle_Items/X Speed.png","49.27","48.51","Battle_Items/Potion.png","50.97","25.28","Battle_Items/Slow Smoke.png","50.0","12.62"
"Wigglytuff","Pokemon/Wigglytuff.png","Supporter","Double Slap/Rollout","Moves/Wigglytuff - Double Slap.png","Moves/Wigglytuff - Rollout.png","C-","0.004","-0.435","49.18","0.75","Battle_Items/X Speed.png","50.79","37.12","Battle_Items/Potion.png","43.1","27.99","Battle_Items/Eject Button.png","56.41","22.83"
"Wigglytuff","Pokemon/Wigglytuff.png","Supporter","Dazzling Gleam/Rollout","Moves/Wigglytuff - Dazzling Gleam.png","Moves/Wigglytuff - Rollout.png","C-","-0.001","-0.438","46.53","0.18","Battle_Items/Eject Button.png","52.46","60.4","Battle_Items/Potion.png","39.39","16.34","Battle_Items/X Speed.png","38.71","15.35"
"Zacian","Pokemon/Zacian.png","All-Rounder","Metal Claw/Play Rough","Moves/Zacian - Metal Claw.png","Moves/Zacian - Play Rough.png","C+","0.522","-0.005","51.31","1.55","Battle_Items/Full Heal.png","52.62","58.64","Battle_Items/Eject Button.png","49.36","26.82","Battle_Items/X Attack.png","53.9","8.75"
"Zacian","Pokemon/Zacian.png","All-Rounder","Sacred Sword/Play Rough","Moves/Zacian - Sacred Sword.png","Moves/Zacian - Play Rough.png","C-","0.001","-0.437","42.27","0.19","Battle_Items/Full Heal.png","44.44","28.64","Battle_Items/Eject Button.png","37.7","27.73","Battle_Items/X Attack.png","46.0","22.73"
"Zacian","Pokemon/Zacian.png","All-Rounder","Sacred Sword/Agility","Moves/Zacian - Sacred Sword.png","Moves/Zacian - Agility.png","C-","0.001","-0.437","45.89","0.18","Battle_Items/Eject Button.png","43.4","51.21","Battle_Items/Full Heal.png","50.62","39.13","Battle_Items/X Attack.png","41.67","5.8"
"Zacian","Pokemon/Zacian.png","All-Rounder","Metal Claw/Agility","Moves/Zacian - Metal Claw.png","Moves/Zacian - Agility.png","A-","1.3","0.639","52.91","9.04","Battle_Items/Full Heal.png","53.47","89.9","Battle_Items/Eject Button.png","49.16","7.5","Battle_Items/X Attack.png","48.37","1.49"
"Zapdos","Pokemon/Zapdos.png","Attacker","Thunderbolt/Zap Cannon","Moves/Zapdos - Thunderbolt.png","Moves/Zapdos - Zap Cannon.png","A+","1.735","1.0","50.29","26.12","Battle_Items/Eject Button.png","51.17","63.18","Battle_Items/X Speed.png","49.17","21.89","Battle_Items/Potion.png","47.48","7.94"
"Zeraora","Pokemon/Zeraora.png","Speedster","Spark/Wild Charge","Moves/Zeraora - Spark.png","Moves/Zeraora - Wild Charge.png","C-","0.011","-0.429","47.41","6.58","Battle_Items/X Attack.png","47.78","39.17","Battle_Items/Full Heal.png","48.0","19.7","Battle_Items/Potion.png","50.54","14.83"
"Zeraora","Pokemon/Zeraora.png","Speedster","Volt Switch/Discharge","Moves/Zeraora - Volt Switch.png","Moves/Zeraora - Discharge.png","D-","-0.503","-0.854","46.22","1.88","Battle_Items/Full Heal.png","49.56","42.86","Battle_Items/X Attack.png","44.99","23.76","Battle_Items/X Speed.png","39.75","11.16"
"Zeraora","Pokemon/Zeraora.png","Speedster","Spark/Discharge","Moves/Zeraora - Spark.png","Moves/Zeraora - Discharge.png","D","-0.338","-0.718","46.58","1.12","Battle_Items/X Attack.png","48.87","55.77","Battle_Items/Full Heal.png","49.04","20.5","Battle_Items/Potion.png","38.02","9.51"
"Zeraora","Pokemon/Zeraora.png","Speedster","Volt Switch/Wild Charge","Moves/Zeraora - Volt Switch.png","Moves/Zeraora - Wild Charge.png","C-","-0.004","-0.441","37.1","0.44","Battle_Items/Potion.png","38.19","29.03","Battle_Items/X Speed.png","36.26","18.35","Battle_Items/Eject Button.png","35.16","18.35"
"Zoroark","Pokemon/Zoroark.png","Speedster","Shadow Claw/Feint Attack","Moves/Zoroark - Shadow Claw.png","Moves/Zoroark - Feint Attack.png","D","-0.381","-0.754","45.94","5.08","Battle_Items/Full Heal.png","46.04","84.53","Battle_Items/Potion.png","45.87","6.07","Battle_Items/Eject Button.png","45.67","4.39"
"Zoroark","Pokemon/Zoroark.png","Speedster","Cut/Feint Attack","Moves/Zoroark - Cut.png","Moves/Zoroark - Feint Attack.png","C-","-0.026","-0.46","43.93","0.63","Battle_Items/Full Heal.png","43.59","43.51","Battle_Items/Potion.png","44.05","31.66","Battle_Items/Eject Button.png","52.24","9.34"
"Zoroark","Pokemon/Zoroark.png","Speedster","Cut/Night Slash","Moves/Zoroark - Cut.png","Moves/Zoroark - Night Slash.png","C-","0.001","-0.437","49.49","0.61","Battle_Items/Full Heal.png","50.24","91.92","Battle_Items/Eject Button.png","40.91","3.17","Battle_Items/X Speed.png","36.36","1.59"
"Zoroark","Pokemon/Zoroark.png","Speedster","Shadow Claw/Night Slash","Moves/Zoroark - Shadow Claw.png","Moves/Zoroark - Night Slash.png","C-","-0.001","-0.439","43.22","0.38","Battle_Items/Full Heal.png","45.13","71.96","Battle_Items/Eject Button.png","38.1","9.81","Battle_Items/Potion.png","38.24","7.94"
